qualified_name,path,line,folder,platform,owner,risk,status,interaction,complexity,callers,calls,shared_state
mx.ik.robots3.MainActivity.RobotHostBridge.closeApp,android_app/app/src/main/java/mx/ik/robots3/MainActivity.kt,50,android/kotlin,Android,Android / ciclo de vida,Bajo,interno,síncrona,1,closeApplication,,
mx.ik.robots3.MainActivity.onCreate,android_app/app/src/main/java/mx/ik/robots3/MainActivity.kt,58,android/kotlin,Android,Android / ciclo de vida,Bajo,entrada/framework,síncrona,2,,,
mx.ik.robots3.MainActivity.onWindowFocusChanged,android_app/app/src/main/java/mx/ik/robots3/MainActivity.kt,68,android/kotlin,Android,Android / ciclo de vida,Bajo,sin llamada interna detectada,síncrona,1,,,
mx.ik.robots3.MainActivity.onDestroy,android_app/app/src/main/java/mx/ik/robots3/MainActivity.kt,83,android/kotlin,Android,Android / ciclo de vida,Bajo,entrada/framework,síncrona,1,,,
mx.ik.robots3.MainActivity.onBackPressed,android_app/app/src/main/java/mx/ik/robots3/MainActivity.kt,96,android/kotlin,Android,Android / ciclo de vida,Bajo,sin llamada interna detectada,síncrona,1,,,
mx.ik.robots3.MainActivity.registerBackNavigation,android_app/app/src/main/java/mx/ik/robots3/MainActivity.kt,100,android/kotlin,Android,Android / ciclo de vida,Bajo,sin llamada interna detectada,síncrona,1,,,
mx.ik.robots3.MainActivity.handleBackNavigation,android_app/app/src/main/java/mx/ik/robots3/MainActivity.kt,110,android/kotlin,Android,Android / ciclo de vida,Bajo,sin llamada interna detectada,síncrona,1,,,
mx.ik.robots3.MainActivity.requestNotificationPermission,android_app/app/src/main/java/mx/ik/robots3/MainActivity.kt,115,android/kotlin,Android,Android / ciclo de vida,Bajo,sin llamada interna detectada,síncrona,1,,,
mx.ik.robots3.MainActivity.startRobotBackend,android_app/app/src/main/java/mx/ik/robots3/MainActivity.kt,123,android/kotlin,Android,Android / ciclo de vida,Bajo,sin llamada interna detectada,síncrona,1,,,
mx.ik.robots3.MainActivity.buildLoadingView,android_app/app/src/main/java/mx/ik/robots3/MainActivity.kt,129,android/kotlin,Android,Android / ciclo de vida,Bajo,sin llamada interna detectada,síncrona,1,,,
mx.ik.robots3.MainActivity.waitForBackend,android_app/app/src/main/java/mx/ik/robots3/MainActivity.kt,156,android/kotlin,Android,Android / ciclo de vida,Bajo,sin llamada interna detectada,síncrona,1,,,
mx.ik.robots3.MainActivity.showHmi,android_app/app/src/main/java/mx/ik/robots3/MainActivity.kt,181,android/kotlin,Android,Android / ciclo de vida,Bajo,sin llamada interna detectada,síncrona,1,,,
mx.ik.robots3.MainActivity.showHmi.<lambda>.shouldOverrideUrlLoading,android_app/app/src/main/java/mx/ik/robots3/MainActivity.kt,197,android/kotlin,Android,Android / ciclo de vida,Bajo,sin llamada interna detectada,síncrona,1,,,
mx.ik.robots3.MainActivity.showHmi.<lambda>.onJsConfirm,android_app/app/src/main/java/mx/ik/robots3/MainActivity.kt,202,android/kotlin,Android,Android / ciclo de vida,Bajo,sin llamada interna detectada,síncrona,5,,,
mx.ik.robots3.MainActivity.downloadExport,android_app/app/src/main/java/mx/ik/robots3/MainActivity.kt,223,android/kotlin,Android,Android / ciclo de vida,Bajo,sin llamada interna detectada,síncrona,3,,,
mx.ik.robots3.MainActivity.showStartupError,android_app/app/src/main/java/mx/ik/robots3/MainActivity.kt,244,android/kotlin,Android,Android / ciclo de vida,Bajo,sin llamada interna detectada,síncrona,1,,,
mx.ik.robots3.MainActivity.applySystemInsets,android_app/app/src/main/java/mx/ik/robots3/MainActivity.kt,258,android/kotlin,Android,Android / ciclo de vida,Bajo,sin llamada interna detectada,síncrona,1,,,
mx.ik.robots3.RobotApplication.onCreate,android_app/app/src/main/java/mx/ik/robots3/RobotApplication.kt,8,android/kotlin,Android,Android / ciclo de vida,Bajo,entrada/framework,síncrona,1,,,
mx.ik.robots3.RobotBackendService.run,android_app/app/src/main/java/mx/ik/robots3/RobotBackendService.kt,27,android/kotlin,Android,Android / ciclo de vida,Bajo,interno,síncrona,1,main; render; run_ctags,,
mx.ik.robots3.RobotBackendService.onCreate,android_app/app/src/main/java/mx/ik/robots3/RobotBackendService.kt,35,android/kotlin,Android,Android / ciclo de vida,Bajo,entrada/framework,síncrona,1,,,
mx.ik.robots3.RobotBackendService.onStartCommand,android_app/app/src/main/java/mx/ik/robots3/RobotBackendService.kt,54,android/kotlin,Android,Android / ciclo de vida,Bajo,sin llamada interna detectada,síncrona,2,,,
mx.ik.robots3.RobotBackendService.requestSafeStopFromNotification,android_app/app/src/main/java/mx/ik/robots3/RobotBackendService.kt,62,android/kotlin,Android,Android / ciclo de vida,Bajo,sin llamada interna detectada,síncrona,1,,,
mx.ik.robots3.RobotBackendService.onDestroy,android_app/app/src/main/java/mx/ik/robots3/RobotBackendService.kt,75,android/kotlin,Android,Android / ciclo de vida,Bajo,entrada/framework,síncrona,1,,,
mx.ik.robots3.RobotBackendService.onBind,android_app/app/src/main/java/mx/ik/robots3/RobotBackendService.kt,90,android/kotlin,Android,Android / ciclo de vida,Bajo,sin llamada interna detectada,síncrona,3,,,
mx.ik.robots3.RobotBackendService.acquireLocks,android_app/app/src/main/java/mx/ik/robots3/RobotBackendService.kt,92,android/kotlin,Android,Android / ciclo de vida,Bajo,sin llamada interna detectada,síncrona,1,,,
mx.ik.robots3.RobotBackendService.createNotificationChannel,android_app/app/src/main/java/mx/ik/robots3/RobotBackendService.kt,108,android/kotlin,Android,Android / ciclo de vida,Bajo,sin llamada interna detectada,síncrona,1,,,
mx.ik.robots3.RobotBackendService.buildNotification,android_app/app/src/main/java/mx/ik/robots3/RobotBackendService.kt,119,android/kotlin,Android,Android / ciclo de vida,Bajo,sin llamada interna detectada,síncrona,1,,,
mx.ik.robots3.RobotBackendService.updateNotification,android_app/app/src/main/java/mx/ik/robots3/RobotBackendService.kt,154,android/kotlin,Android,Android / ciclo de vida,Bajo,sin llamada interna detectada,síncrona,1,,,
run,android_app/app/src/main/python/mobile_entry.py,22,android/python,Android,Python / misión e historial,Bajo,interno,síncrona,1,main; render; run_ctags,close; create_app,
stop,android_app/app/src/main/python/mobile_entry.py,54,android/python,Android,Python / misión e historial,Medio,interno,síncrona,5,close; disconnect,close,parada/cierre
prepare_close,android_app/app/src/main/python/mobile_entry.py,72,android/python,Android,Python / misión e historial,Bajo,interno,síncrona,2,close_application,,
is_ready,android_app/app/src/main/python/mobile_entry.py,82,android/python,Android,Python / misión e historial,Bajo,sin llamada interna detectada,síncrona,1,,,
_load_application,desktop_app/app.py,10,backend/python,Windows/Android,Python / misión e historial,Bajo,interno,síncrona,3,main,,
parse_args,desktop_app/app.py,31,backend/python,Windows/Android,Python / misión e historial,Bajo,interno,síncrona,1,main,,
main,desktop_app/app.py,39,backend/python,Windows/Android,Python / misión e historial,Bajo,entrada/framework,síncrona,4,,_load_application; close; create_app; parse_args; run; shutdown_host; start,parada/cierre
main.shutdown_host,desktop_app/app.py,50,backend/python,Windows/Android,Python / misión e historial,Bajo,interno,síncrona,3,main,close,parada/cierre
create_app,desktop_app/robot_app/__init__.py,6,backend/python,Windows/Android,Python / misión e historial,Bajo,interno,síncrona,1,main; run,,
create_app,desktop_app/robot_app/app_factory.py,17,backend/python,Windows/Android,Python / misión e historial,Bajo,interno,síncrona,2,main; run,create_csp_nonce; from_environment; get_setting; initialize; secure_headers; set_setting; update,
create_app.create_csp_nonce,desktop_app/robot_app/app_factory.py,41,backend/python,Windows/Android,Python / misión e historial,Bajo,interno,síncrona,1,create_app,,
create_app.secure_headers,desktop_app/robot_app/app_factory.py,45,backend/python,Windows/Android,Python / misión e historial,Bajo,interno,síncrona,1,create_app,,
_quantize,desktop_app/robot_app/compaction.py,15,backend/python,Windows/Android,Python / misión e historial,Bajo,interno,síncrona,2,_telemetry_key; telemetry_fingerprint,,
_normalized_payload,desktop_app/robot_app/compaction.py,22,backend/python,Windows/Android,Python / misión e historial,Bajo,interno,síncrona,8,_telemetry_key; compact_database,clean,
_normalized_payload.clean,desktop_app/robot_app/compaction.py,33,backend/python,Windows/Android,Python / misión e historial,Bajo,interno,síncrona,7,_normalized_payload,,
_telemetry_key,desktop_app/robot_app/compaction.py,45,backend/python,Windows/Android,Python / misión e historial,Bajo,interno,síncrona,2,compact_database,_normalized_payload; _quantize,
compact_database,desktop_app/robot_app/compaction.py,60,backend/python,Windows/Android,Python / misión e historial,Medio,sin llamada interna detectada,síncrona,32,,_normalized_payload; _telemetry_key; close; connect; initialize; optimize_storage; update,telemetría; parada/cierre
normalize_robot_host,desktop_app/robot_app/config.py,17,backend/python,Windows/Android,Python / misión e historial,Bajo,interno,síncrona,6,__init__; from_environment; set_robot_host,,
AppConfig.from_environment,desktop_app/robot_app/config.py,41,backend/python,Windows/Android,Python / misión e historial,Medio,interno,asíncrona,1,create_app,normalize_robot_host,
Database.__init__,desktop_app/robot_app/database.py,15,backend/python,Windows/Android,Python / misión e historial,Bajo,sin llamada interna detectada,síncrona,1,,,
Database._session_timestamp,desktop_app/robot_app/database.py,20,backend/python,Windows/Android,Python / misión e historial,Bajo,interno,síncrona,2,close_orphan_sessions; create_session; stop_session,,
Database.connect,desktop_app/robot_app/database.py,31,backend/python,Windows/Android,Python / misión e historial,Bajo,interno,síncrona,1,command_rows; compact_database; connect_db; event_rows; get_calibration_surface; get_setting; initialize; list_calibration_surfaces; main; optimize_storage; session_row; session_rows; telemetry_rows; touch_recording; touch_recordings; transaction,,
Database.transaction,desktop_app/robot_app/database.py,41,backend/python,Windows/Android,Python / misión e historial,Bajo,interno,síncrona,3,acknowledge_touch_recording; close_orphan_sessions; create_session; delete_calibration_surface; delete_touch_recording; fail_nonterminal_commands; insert_command; insert_event; insert_telemetry; invalidate_open_touch_recordings; purge_sessions; save_calibration_surface; save_touch_recording; set_setting; stop_session; update_command; update_session_disconnect_reason; update_session_identity,close; connect,
Database.initialize,desktop_app/robot_app/database.py,54,backend/python,Windows/Android,Python / misión e historial,Bajo,interno,síncrona,20,compact_database; create_app,calibration_surfaces; close; connect; touch_recordings,telemetría
Database.get_setting,desktop_app/robot_app/database.py,147,backend/python,Windows/Android,Python / misión e historial,Bajo,interno,síncrona,3,__init__; _activate_mission; _set_return_state; _sync_surface_torque_from_telemetry; create_app; start_return_home; stop_mission,connect,parada/cierre
Database.set_setting,desktop_app/robot_app/database.py,152,backend/python,Windows/Android,Python / misión e historial,Bajo,interno,síncrona,3,__init__; _activate_mission; _advance_mission; _persist_mission; _set_return_state; apply_calibration_surface; create_app; send_command; set_robot_host; set_vectorial_routes_enabled; start_return_home; stop_mission,transaction,
Database.create_session,desktop_app/robot_app/database.py,161,backend/python,Windows/Android,Python / misión e historial,Bajo,interno,síncrona,5,start_session,_session_timestamp; sessions; transaction,
Database.update_session_identity,desktop_app/robot_app/database.py,171,backend/python,Windows/Android,Python / misión e historial,Bajo,interno,síncrona,5,_on_robot_message,transaction,
Database.stop_session,desktop_app/robot_app/database.py,178,backend/python,Windows/Android,Python / misión e historial,Bajo,entrada/framework,síncrona,7,_finish_close_preparation; _on_connection_state; _on_disconnect_grace_expired; _on_robot_message; close; send_command,_session_timestamp; transaction,
Database.update_session_disconnect_reason,desktop_app/robot_app/database.py,188,backend/python,Windows/Android,Python / misión e historial,Bajo,interno,síncrona,3,_on_connection_state,transaction,
Database.insert_command,desktop_app/robot_app/database.py,196,backend/python,Windows/Android,Python / misión e historial,Bajo,interno,síncrona,6,send_command,transaction,
Database.update_command,desktop_app/robot_app/database.py,203,backend/python,Windows/Android,Python / misión e historial,Bajo,interno,síncrona,6,_block_mission; _on_command_sent; _on_robot_message; _reconcile_short_memory_hello; send_command; stop_mission,transaction,
Database.fail_nonterminal_commands,desktop_app/robot_app/database.py,215,backend/python,Windows/Android,Python / misión e historial,Bajo,interno,síncrona,2,__init__; _finish_close_preparation,transaction,
Database.close_orphan_sessions,desktop_app/robot_app/database.py,225,backend/python,Windows/Android,Python / misión e historial,Bajo,interno,síncrona,6,__init__,_session_timestamp; transaction,
Database.insert_event,desktop_app/robot_app/database.py,235,backend/python,Windows/Android,Python / misión e historial,Medio,interno,síncrona,17,__init__; _finish_close_preparation; _on_connection_state; _on_disconnect_grace_expired; _on_robot_message; _on_step_settled; _reconcile_short_memory_hello; prepare_close,events; transaction,parada/cierre
Database._quantize,desktop_app/robot_app/database.py,280,backend/python,Windows/Android,Python / misión e historial,Bajo,interno,síncrona,2,_telemetry_key; telemetry_fingerprint,,
Database.telemetry_priority_signature,desktop_app/robot_app/database.py,287,backend/python,Windows/Android,Python / misión e historial,Bajo,interno,síncrona,2,_on_robot_message; telemetry_fingerprint,,
Database.telemetry_fingerprint,desktop_app/robot_app/database.py,308,backend/python,Windows/Android,Python / misión e historial,Bajo,interno,síncrona,3,insert_telemetry,_quantize; telemetry_priority_signature,
Database._compact_payload,desktop_app/robot_app/database.py,325,backend/python,Windows/Android,Python / misión e historial,Bajo,interno,síncrona,5,insert_telemetry,,telemetría
Database.insert_telemetry,desktop_app/robot_app/database.py,342,backend/python,Windows/Android,Python / misión e historial,Bajo,interno,síncrona,30,_run,_compact_payload; telemetry_fingerprint; transaction,telemetría
Database.telemetry_rows,desktop_app/robot_app/database.py,373,backend/python,Windows/Android,Python / misión e historial,Bajo,interno,síncrona,2,export_session_json; export_telemetry,connect,telemetría; parada/cierre
Database.session_rows,desktop_app/robot_app/database.py,384,backend/python,Windows/Android,Python / misión e historial,Bajo,interno,síncrona,1,sessions,connect,telemetría; parada/cierre
Database.session_row,desktop_app/robot_app/database.py,396,backend/python,Windows/Android,Python / misión e historial,Bajo,interno,síncrona,2,export_session_json,connect,parada/cierre
Database.command_rows,desktop_app/robot_app/database.py,400,backend/python,Windows/Android,Python / misión e historial,Bajo,interno,síncrona,2,export_session_json,connect,parada/cierre
Database.event_rows,desktop_app/robot_app/database.py,407,backend/python,Windows/Android,Python / misión e historial,Bajo,interno,síncrona,2,export_session_json,connect,parada/cierre
Database.purge_sessions,desktop_app/robot_app/database.py,416,backend/python,Windows/Android,Python / misión e historial,Bajo,interno,síncrona,9,cleanup_sessions,transaction,telemetría
Database.save_touch_recording,desktop_app/robot_app/database.py,437,backend/python,Windows/Android,Python / misión e historial,Bajo,interno,síncrona,18,finish; start,touch_recordings; transaction,
Database.touch_recordings,desktop_app/robot_app/database.py,464,backend/python,Windows/Android,Python / misión e historial,Bajo,entrada/framework,síncrona,1,initialize; save_touch_recording,connect,parada/cierre
Database.touch_recording,desktop_app/robot_app/database.py,468,backend/python,Windows/Android,Python / misión e historial,Bajo,entrada/framework,síncrona,2,acknowledge_open_area; return_touch_recording,connect,parada/cierre
Database.delete_touch_recording,desktop_app/robot_app/database.py,472,backend/python,Windows/Android,Python / misión e historial,Bajo,entrada/framework,síncrona,2,,transaction,
Database.acknowledge_touch_recording,desktop_app/robot_app/database.py,477,backend/python,Windows/Android,Python / misión e historial,Bajo,interno,síncrona,2,acknowledge_open_area,transaction,
Database.invalidate_open_touch_recordings,desktop_app/robot_app/database.py,482,backend/python,Windows/Android,Python / misión e historial,Bajo,interno,síncrona,2,__init__,transaction,
Database.optimize_storage,desktop_app/robot_app/database.py,491,backend/python,Windows/Android,Python / misión e historial,Bajo,interno,síncrona,4,compact_database,close; connect,
Database.list_calibration_surfaces,desktop_app/robot_app/database.py,512,backend/python,Windows/Android,Python / misión e historial,Bajo,interno,síncrona,1,_sync_surface_torque_from_telemetry; calibration_surfaces,connect,parada/cierre
Database.get_calibration_surface,desktop_app/robot_app/database.py,516,backend/python,Windows/Android,Python / misión e historial,Bajo,interno,síncrona,2,_sync_surface_torque_from_telemetry; apply_calibration_surface; calibration_surface_item; save_calibration_surface,connect,parada/cierre
Database.save_calibration_surface,desktop_app/robot_app/database.py,520,backend/python,Windows/Android,Python / misión e historial,Bajo,interno,síncrona,15,_sync_surface_torque_from_telemetry; calibration_surfaces,calibration_surfaces; transaction,
Database.delete_calibration_surface,desktop_app/robot_app/database.py,556,backend/python,Windows/Android,Python / misión e historial,Bajo,interno,síncrona,2,calibration_surface_item,transaction,
_finite_number,desktop_app/robot_app/domain.py,54,backend/python,Windows/Android,Python / misión e historial,Bajo,interno,síncrona,3,_heading_degrees; compile; from_message; split_segment_mm; validate_command_payload,,
_heading_degrees,desktop_app/robot_app/domain.py,63,backend/python,Windows/Android,Python / misión e historial,Bajo,interno,síncrona,1,from_message; validate_command_payload,_finite_number,
validate_command_payload,desktop_app/robot_app/domain.py,67,backend/python,Windows/Android,Python / misión e historial,Bajo,interno,síncrona,29,create,_finite_number; _heading_degrees,
RobotCommand.create,desktop_app/robot_app/domain.py,158,backend/python,Windows/Android,Python / misión e historial,Bajo,interno,síncrona,3,compile; send_command,validate_command_payload,
RobotCommand.protocol_envelope,desktop_app/robot_app/domain.py,172,backend/python,Windows/Android,Python / misión e historial,Bajo,interno,síncrona,2,_drain_one,,
split_segment_mm,desktop_app/robot_app/domain.py,178,backend/python,Windows/Android,Python / misión e historial,Bajo,interno,síncrona,3,_append_segment; compile_orthogonal_points,_finite_number,
TelemetrySnapshot.from_message,desktop_app/robot_app/domain.py,307,backend/python,Windows/Android,Python / misión e historial,Medio,interno,síncrona,46,_on_robot_message,_finite_number; _heading_degrees,telemetría
TelemetrySnapshot.public_dict,desktop_app/robot_app/domain.py,493,backend/python,Windows/Android,Python / misión e historial,Medio,interno,síncrona,1,_on_robot_message; status,,
RobotGateway.__init__,desktop_app/robot_app/gateway.py,38,backend/python,Windows/Android,Python / misión e historial,Bajo,sin llamada interna detectada,cola/evento,1,,,
RobotGateway.start,desktop_app/robot_app/gateway.py,70,backend/python,Windows/Android,Python / misión e historial,Medio,interno,asíncrona,3,__init__; _on_robot_message; _schedule_disconnect_grace; close_application; connect; init; main; manual_start; reconnect,clear; snapshot,
RobotGateway.stop,desktop_app/robot_app/gateway.py,80,backend/python,Windows/Android,Python / misión e historial,Medio,interno,síncrona,2,close; disconnect,_set_state,
RobotGateway.request_reconnect,desktop_app/robot_app/gateway.py,87,backend/python,Windows/Android,Python / misión e historial,Bajo,interno,síncrona,2,reconnect; set_robot_host,,
RobotGateway.enqueue,desktop_app/robot_app/gateway.py,91,backend/python,Windows/Android,Python / misión e historial,Medio,interno,cola/evento,6,send_command,,parada/cierre
RobotGateway.cancel,desktop_app/robot_app/gateway.py,108,backend/python,Windows/Android,Python / misión e historial,Bajo,interno,síncrona,2,_activate_mission; _archive_mission_for_close; _block_mission; _cancel_disconnect_grace_timer; _on_robot_message; stop_mission,add,
RobotGateway.snapshot,desktop_app/robot_app/gateway.py,113,backend/python,Windows/Android,Python / misión e historial,Bajo,interno,síncrona,3,_on_robot_message; _require_ready_robot; prepare_close; reconnect; start; status,,
RobotGateway._set_state,desktop_app/robot_app/gateway.py,129,backend/python,Windows/Android,Python / misión e historial,Medio,interno,asíncrona,3,_run; stop,,
RobotGateway._run,desktop_app/robot_app/gateway.py,136,backend/python,Windows/Android,Python / misión e historial,Medio,sin llamada interna detectada,asíncrona,15,,_drain_one; _receive; _set_state; clear; close; send,telemetría; sesión
RobotGateway._drain_one,desktop_app/robot_app/gateway.py,217,backend/python,Windows/Android,Python / misión e historial,Bajo,interno,cola/evento,13,_run,protocol_envelope; send,
RobotGateway._receive,desktop_app/robot_app/gateway.py,264,backend/python,Windows/Android,Python / misión e historial,Medio,interno,síncrona,11,_run,,sesión
_finite_number,desktop_app/robot_app/route_planning.py,24,backend/python,Windows/Android,Python / misión e historial,Bajo,interno,síncrona,3,_heading_degrees; compile; from_message; split_segment_mm; validate_command_payload,,
normalize_signed_degrees,desktop_app/robot_app/route_planning.py,33,backend/python,Windows/Android,Python / misión e historial,Bajo,interno,síncrona,2,compile,,
RouteExecutionStrategy.compile,desktop_app/robot_app/route_planning.py,51,backend/python,Windows/Android,Python / misión e historial,Bajo,interno,síncrona,1,_build_segments; embedded_html_functions; extract_routes; start_mission,,
RouteExecutionStrategy._validated_origin,desktop_app/robot_app/route_planning.py,55,backend/python,Windows/Android,Python / misión e historial,Bajo,interno,síncrona,1,compile,,
RouteExecutionStrategy._finish,desktop_app/robot_app/route_planning.py,59,backend/python,Windows/Android,Python / misión e historial,Bajo,interno,síncrona,3,compile,,
RouteExecutionStrategy._append_segment,desktop_app/robot_app/route_planning.py,68,backend/python,Windows/Android,Python / misión e historial,Bajo,interno,síncrona,2,compile,split_segment_mm,
RectangularRouteStrategy.compile,desktop_app/robot_app/route_planning.py,94,backend/python,Windows/Android,Python / misión e historial,Medio,interno,síncrona,9,_build_segments; embedded_html_functions; extract_routes; start_mission,_append_segment; _finish; _validated_origin; create,
_AngularRouteStrategy.compile,desktop_app/robot_app/route_planning.py,141,backend/python,Windows/Android,Python / misión e historial,Bajo,interno,síncrona,10,_build_segments; embedded_html_functions; extract_routes; start_mission,_append_segment; _finish; _finite_number; _validated_origin; create; normalize_signed_degrees,
strategy_for_request,desktop_app/robot_app/route_planning.py,217,backend/python,Windows/Android,Python / misión e historial,Bajo,interno,síncrona,3,start_mission,,
simplify_rdp,desktop_app/robot_app/route_planning.py,228,backend/python,Windows/Android,Python / misión e historial,Bajo,interno,síncrona,8,compile_touch_path,add; distance,
simplify_rdp.distance,desktop_app/robot_app/route_planning.py,234,backend/python,Windows/Android,Python / misión e historial,Bajo,interno,síncrona,2,simplify_rdp,,
compile_orthogonal_points,desktop_app/robot_app/route_planning.py,259,backend/python,Windows/Android,Python / misión e historial,Bajo,interno,síncrona,10,compile_touch_path,split_segment_mm,
compile_touch_path,desktop_app/robot_app/route_planning.py,291,backend/python,Windows/Android,Python / misión e historial,Bajo,interno,síncrona,7,finish,compile_orthogonal_points; simplify_rdp,
EventHub.__init__,desktop_app/robot_app/services.py,25,backend/python,Windows/Android,Python / misión e historial,Bajo,sin llamada interna detectada,cola/evento,1,,,
EventHub.subscribe,desktop_app/robot_app/services.py,30,backend/python,Windows/Android,Python / misión e historial,Bajo,interno,cola/evento,1,events,add,
EventHub.unsubscribe,desktop_app/robot_app/services.py,36,backend/python,Windows/Android,Python / misión e historial,Bajo,interno,cola/evento,1,events; stream,,
EventHub.publish,desktop_app/robot_app/services.py,40,backend/python,Windows/Android,Python / misión e historial,Bajo,interno,cola/evento,4,_activate_mission; _advance_mission; _archive_mission_for_close; _block_mission; _on_command_sent; _on_connection_state; _on_robot_message; _on_step_settled; _reconcile_firmware_mission; _sync_surface_torque_from_telemetry; delete_calibration_surface; save_calibration_surface; send_command; set_robot_host; set_vectorial_routes_enabled; start_session; stop_mission; stop_session,,
TelemetryRecorder.__init__,desktop_app/robot_app/services.py,56,backend/python,Windows/Android,Python / misión e historial,Medio,sin llamada interna detectada,cola/evento,1,,start,telemetría
TelemetryRecorder.submit,desktop_app/robot_app/services.py,64,backend/python,Windows/Android,Python / misión e historial,Bajo,interno,cola/evento,3,_on_robot_message,,
TelemetryRecorder.stop,desktop_app/robot_app/services.py,74,backend/python,Windows/Android,Python / misión e historial,Medio,interno,síncrona,1,close; disconnect,,
TelemetryRecorder._run,desktop_app/robot_app/services.py,78,backend/python,Windows/Android,Python / misión e historial,Bajo,sin llamada interna detectada,cola/evento,4,,insert_telemetry,
TouchRouteRecorder.__init__,desktop_app/robot_app/services.py,95,backend/python,Windows/Android,Python / misión e historial,Bajo,sin llamada interna detectada,síncrona,1,,,
TouchRouteRecorder.start,desktop_app/robot_app/services.py,100,backend/python,Windows/Android,Python / misión e historial,Bajo,interno,síncrona,2,__init__; _on_robot_message; _schedule_disconnect_grace; close_application; connect; init; main; manual_start; reconnect,add; public; save_touch_recording,
TouchRouteRecorder.add,desktop_app/robot_app/services.py,113,backend/python,Windows/Android,Python / misión e historial,Bajo,interno,síncrona,5,_on_robot_message; _process; _sendManual; _syncCinemaButton; addStep; applyBackendTelemetry; applySelected; applyTelemetry; cancel; cancelOckhamReturn; captureFromTelemetry; change; clearRobotMemory; closeApplication; confirmOckhamReturn; connectBackend; consumeBackend; deleteRecording; deleteSelected; dependency_cycles; end; failRoute; handleCalibrationCompleted; hlStep; init; initResize; loadHistory; loadSurfaces; lockTabs; loop; mainW; mermaid_for_folder; ockhamReturn; onDown; onMission; onRobotEvent; pL; pR; removeLastStep; returnRecording; saveCurrent; saveCurrentLiveSurface; send; sendMove; send_command; simplify_rdp; start; startC; stopAndReset; subscribe; update; visit,finish,
TouchRouteRecorder.invalidate,desktop_app/robot_app/services.py,135,backend/python,Windows/Android,Python / misión e historial,Bajo,interno,síncrona,2,_on_connection_state; _on_robot_message; send_command,finish,
TouchRouteRecorder.finish,desktop_app/robot_app/services.py,139,backend/python,Windows/Android,Python / misión e historial,Bajo,interno,síncrona,11,add; invalidate; manual_stop,compile_touch_path; public; save_touch_recording; update,
TouchRouteRecorder.public,desktop_app/robot_app/services.py,168,backend/python,Windows/Android,Python / misión e historial,Bajo,interno,síncrona,2,finish; manual_drive; start; summary,,
TouchRouteRecorder.summary,desktop_app/robot_app/services.py,175,backend/python,Windows/Android,Python / misión e historial,Bajo,interno,síncrona,1,_on_robot_message; manual_start; status,public,
RobotService.__init__,desktop_app/robot_app/services.py,195,backend/python,Windows/Android,Python / misión e historial,Bajo,sin llamada interna detectada,síncrona,17,,_persist_mission; close_orphan_sessions; fail_nonterminal_commands; get_setting; insert_event; invalidate_open_touch_recordings; normalize_robot_host; set_setting; start,misión activa
RobotService.close,desktop_app/robot_app/services.py,333,backend/python,Windows/Android,Python / misión e historial,Medio,interno,síncrona,4,_run; closeApplication; compact_database; escribirArchivo; initialize; leerArchivo; main; optimize_storage; run; shutdown_host; stop; transaction,stop; stop_mission; stop_session,
RobotService.get_robot_host,desktop_app/robot_app/services.py,348,backend/python,Windows/Android,Python / misión e historial,Bajo,sin llamada interna detectada,síncrona,1,,,
RobotService.set_robot_host,desktop_app/robot_app/services.py,352,backend/python,Windows/Android,Python / misión e historial,Bajo,interno,síncrona,2,robot_config,normalize_robot_host; publish; request_reconnect; set_setting,
RobotService.robot_config,desktop_app/robot_app/services.py,363,backend/python,Windows/Android,Python / misión e historial,Bajo,entrada/framework,síncrona,1,set_vectorial_routes_enabled,,
RobotService.set_vectorial_routes_enabled,desktop_app/robot_app/services.py,370,backend/python,Windows/Android,Python / misión e historial,Bajo,interno,síncrona,3,robot_config,publish; robot_config; set_setting,
RobotService.connect,desktop_app/robot_app/services.py,381,backend/python,Windows/Android,Python / misión e historial,Bajo,interno,síncrona,1,command_rows; compact_database; connect_db; event_rows; get_calibration_surface; get_setting; initialize; list_calibration_surfaces; main; optimize_storage; session_row; session_rows; telemetry_rows; touch_recording; touch_recordings; transaction,start,
RobotService.disconnect,desktop_app/robot_app/services.py,384,backend/python,Windows/Android,Python / misión e historial,Medio,sin llamada interna detectada,síncrona,1,,stop,
RobotService.reconnect,desktop_app/robot_app/services.py,387,backend/python,Windows/Android,Python / misión e historial,Bajo,sin llamada interna detectada,síncrona,2,,request_reconnect; snapshot; start,
RobotService.status,desktop_app/robot_app/services.py,393,backend/python,Windows/Android,Python / misión e historial,Medio,entrada/framework,síncrona,2,connection; events; stream,mission_status; public_dict; snapshot; summary,telemetría; parada/cierre
RobotService.mission_status,desktop_app/robot_app/services.py,418,backend/python,Windows/Android,Python / misión e historial,Bajo,interno,síncrona,8,_activate_mission; _advance_mission; _archive_mission_for_close; _block_mission; _finish_close_preparation; _on_robot_message; _on_step_settled; _reconcile_firmware_mission; missions; status; stop_mission,stop_mission,
RobotService._persist_mission,desktop_app/robot_app/services.py,452,backend/python,Windows/Android,Python / misión e historial,Bajo,interno,síncrona,2,__init__; _activate_mission; _advance_mission; _archive_mission_for_close; _block_mission; _on_robot_message; _on_step_settled; _queue_current_mission_step; _queue_final_alignment; _reconcile_firmware_mission; stop_mission,set_setting,misión activa
RobotService._mission_wire_points,desktop_app/robot_app/services.py,469,backend/python,Windows/Android,Python / misión e historial,Bajo,sin llamada interna detectada,síncrona,2,,,
RobotService._require_ready_robot,desktop_app/robot_app/services.py,481,backend/python,Windows/Android,Python / misión e historial,Bajo,interno,síncrona,7,_require_vectorial_ready; manual_start; return_touch_recording; start_mission; start_return_home,snapshot,estado; telemetría
RobotService._require_vectorial_ready,desktop_app/robot_app/services.py,499,backend/python,Windows/Android,Python / misión e historial,Bajo,interno,síncrona,8,_queue_current_mission_step; start_mission; start_return_home,_require_ready_robot,telemetría
RobotService._build_segments,desktop_app/robot_app/services.py,519,backend/python,Windows/Android,Python / misión e historial,Bajo,sin llamada interna detectada,síncrona,1,,compile,
RobotService._activate_mission,desktop_app/robot_app/services.py,524,backend/python,Windows/Android,Python / misión e historial,Medio,interno,síncrona,5,return_touch_recording; start_mission; start_return_home,_persist_mission; _queue_current_mission_step; cancel; get_setting; mission_status; publish; set_setting,
RobotService.start_mission,desktop_app/robot_app/services.py,570,backend/python,Windows/Android,Python / misión e historial,Bajo,interno,síncrona,4,missions,_activate_mission; _expire_stalled_mission; _require_ready_robot; _require_vectorial_ready; compile; strategy_for_request,telemetría
RobotService.manual_start,desktop_app/robot_app/services.py,590,backend/python,Windows/Android,Python / misión e historial,Bajo,entrada/framework,síncrona,6,,_require_ready_robot; send_command; start; summary,
RobotService.manual_drive,desktop_app/robot_app/services.py,611,backend/python,Windows/Android,Python / misión e historial,Bajo,entrada/framework,síncrona,5,,public; send_command,
RobotService.manual_stop,desktop_app/robot_app/services.py,632,backend/python,Windows/Android,Python / misión e historial,Bajo,entrada/framework,síncrona,3,,finish; send_command,
RobotService._touch_row,desktop_app/robot_app/services.py,643,backend/python,Windows/Android,Python / misión e historial,Bajo,interno,síncrona,4,touch_recording; touch_recordings,,
RobotService.touch_recordings,desktop_app/robot_app/services.py,656,backend/python,Windows/Android,Python / misión e historial,Bajo,entrada/framework,síncrona,2,initialize; save_touch_recording,_touch_row,
RobotService.touch_recording,desktop_app/robot_app/services.py,659,backend/python,Windows/Android,Python / misión e historial,Bajo,entrada/framework,síncrona,2,acknowledge_open_area; return_touch_recording,_touch_row,
RobotService.acknowledge_open_area,desktop_app/robot_app/services.py,665,backend/python,Windows/Android,Python / misión e historial,Bajo,entrada/framework,síncrona,3,,acknowledge_touch_recording; touch_recording,
RobotService.return_touch_recording,desktop_app/robot_app/services.py,673,backend/python,Windows/Android,Python / misión e historial,Bajo,entrada/framework,síncrona,4,,_activate_mission; _require_ready_robot; touch_recording,telemetría
RobotService.start_return_home,desktop_app/robot_app/services.py,695,backend/python,Windows/Android,Python / misión e historial,Medio,interno,síncrona,21,return_home,_activate_mission; _require_ready_robot; _require_vectorial_ready; get_setting; set_setting,telemetría
RobotService.stop_mission,desktop_app/robot_app/services.py,805,backend/python,Windows/Android,Python / misión e historial,Medio,interno,síncrona,8,_expire_stalled_mission; _finish_close_preparation; _on_robot_message; clear_robot_mission_memory; close; mission_status; missions; send_command; stop_session,_persist_mission; _set_return_state; cancel; get_setting; mission_status; publish; send_command; set_setting; update_command,
RobotService.clear_robot_mission_memory,desktop_app/robot_app/services.py,858,backend/python,Windows/Android,Python / misión e historial,Bajo,entrada/framework,síncrona,1,,stop_mission,
RobotService._advance_mission,desktop_app/robot_app/services.py,864,backend/python,Windows/Android,Python / misión e historial,Medio,interno,síncrona,10,_on_robot_message; _on_step_settled; _reconcile_short_memory_hello,_persist_mission; _queue_current_mission_step; _queue_final_alignment; _set_return_state; mission_status; publish; set_setting,
RobotService._set_return_state,desktop_app/robot_app/services.py,908,backend/python,Windows/Android,Python / misión e historial,Bajo,interno,síncrona,2,_advance_mission; _archive_mission_for_close; _block_mission; stop_mission,get_setting; set_setting,
RobotService._queue_current_mission_step,desktop_app/robot_app/services.py,915,backend/python,Windows/Android,Python / misión e historial,Bajo,interno,síncrona,8,_activate_mission; _advance_mission; _reconcile_short_memory_hello,_block_mission; _persist_mission; _require_vectorial_ready; send_command,telemetría
RobotService._queue_final_alignment,desktop_app/robot_app/services.py,953,backend/python,Windows/Android,Python / misión e historial,Bajo,interno,síncrona,3,_advance_mission; _reconcile_short_memory_hello,_persist_mission; send_command,
RobotService._expire_stalled_mission,desktop_app/robot_app/services.py,967,backend/python,Windows/Android,Python / misión e historial,Bajo,interno,síncrona,6,_on_robot_message; start_mission,_block_mission; stop_mission,
RobotService._block_mission,desktop_app/robot_app/services.py,988,backend/python,Windows/Android,Python / misión e historial,Medio,interno,síncrona,6,_expire_stalled_mission; _on_robot_message; _queue_current_mission_step; _reconcile_mission_snapshot; _reconcile_short_memory_hello,_persist_mission; _set_return_state; cancel; mission_status; publish; send_command; update_command,
RobotService._reconcile_mission_snapshot,desktop_app/robot_app/services.py,1016,backend/python,Windows/Android,Python / misión e historial,Medio,sin llamada interna detectada,síncrona,8,,_block_mission; _reconcile_firmware_mission,
RobotService._reconcile_firmware_mission,desktop_app/robot_app/services.py,1042,backend/python,Windows/Android,Python / misión e historial,Medio,interno,síncrona,9,_reconcile_mission_snapshot,_persist_mission; mission_status; publish,
RobotService.send_command,desktop_app/robot_app/services.py,1076,backend/python,Windows/Android,Python / misión e historial,Medio,interno,síncrona,17,_block_mission; _on_robot_message; _on_step_settled; _queue_current_mission_step; _queue_final_alignment; _reconcile_short_memory_hello; apply_calibration_surface; command; estop; manual_drive; manual_start; manual_stop; prepare_close; stop_mission,add; create; enqueue; insert_command; invalidate; publish; set_setting; stop_mission; stop_session; update_command,parada/cierre
RobotService.start_session,desktop_app/robot_app/services.py,1123,backend/python,Windows/Android,Python / misión e historial,Medio,entrada/framework,síncrona,2,_on_robot_message,create_session; publish,sesión
RobotService.stop_session,desktop_app/robot_app/services.py,1135,backend/python,Windows/Android,Python / misión e historial,Medio,entrada/framework,síncrona,3,_finish_close_preparation; _on_connection_state; _on_disconnect_grace_expired; _on_robot_message; close; send_command,publish; stop_mission,sesión
RobotService._cancel_disconnect_grace_timer,desktop_app/robot_app/services.py,1150,backend/python,Windows/Android,Python / misión e historial,Bajo,interno,síncrona,2,_on_connection_state,cancel,
RobotService._schedule_disconnect_grace,desktop_app/robot_app/services.py,1157,backend/python,Windows/Android,Python / misión e historial,Bajo,interno,síncrona,2,_on_connection_state,start,
RobotService._on_disconnect_grace_expired,desktop_app/robot_app/services.py,1169,backend/python,Windows/Android,Python / misión e historial,Bajo,sin llamada interna detectada,síncrona,1,,insert_event; stop_session,
RobotService._on_connection_state,desktop_app/robot_app/services.py,1178,backend/python,Windows/Android,Python / misión e historial,Bajo,sin llamada interna detectada,síncrona,6,,_cancel_disconnect_grace_timer; _schedule_disconnect_grace; insert_event; invalidate; publish; stop_session; update_session_disconnect_reason,
RobotService._on_command_sent,desktop_app/robot_app/services.py,1200,backend/python,Windows/Android,Python / misión e historial,Bajo,sin llamada interna detectada,síncrona,4,,publish; update_command,
RobotService._on_robot_message,desktop_app/robot_app/services.py,1209,backend/python,Windows/Android,Python / misión e historial,Medio,sin llamada interna detectada,síncrona,43,,_advance_mission; _block_mission; _expire_stalled_mission; _on_step_settled; _persist_mission; _reconcile_short_memory_hello; _sync_surface_torque_from_telemetry; add; cancel; from_message; insert_event; invalidate; mission_status; public_dict; publish; send_command; snapshot; start; start_session; stop_mission; stop_session; submit; summary; telemetry_priority_signature; update_command; update_session_identity,telemetría; parada/cierre
RobotService._on_step_settled,desktop_app/robot_app/services.py,1388,backend/python,Windows/Android,Python / misión e historial,Medio,interno,síncrona,11,_on_robot_message,_advance_mission; _persist_mission; insert_event; mission_status; publish; send_command,telemetría
RobotService._reconcile_short_memory_hello,desktop_app/robot_app/services.py,1474,backend/python,Windows/Android,Python / misión e historial,Medio,interno,síncrona,9,_on_robot_message,_advance_mission; _block_mission; _queue_current_mission_step; _queue_final_alignment; insert_event; send_command; update_command,
RobotService._movement_requires_stop,desktop_app/robot_app/services.py,1516,backend/python,Windows/Android,Python / misión e historial,Bajo,interno,síncrona,3,prepare_close,,telemetría
RobotService._archive_mission_for_close,desktop_app/robot_app/services.py,1527,backend/python,Windows/Android,Python / misión e historial,Medio,interno,síncrona,3,_finish_close_preparation,_persist_mission; _set_return_state; cancel; mission_status; publish,
RobotService._finish_close_preparation,desktop_app/robot_app/services.py,1546,backend/python,Windows/Android,Python / misión e historial,Medio,interno,síncrona,7,prepare_close,_archive_mission_for_close; fail_nonterminal_commands; insert_event; mission_status; stop_mission; stop_session,
RobotService.prepare_close,desktop_app/robot_app/services.py,1577,backend/python,Windows/Android,Python / misión e historial,Medio,interno,síncrona,11,close_application,_finish_close_preparation; _movement_requires_stop; insert_event; send_command; snapshot,
RobotService.purge_sessions,desktop_app/robot_app/services.py,1632,backend/python,Windows/Android,Python / misión e historial,Bajo,interno,síncrona,1,cleanup_sessions,,
RobotService._format_surface_dict,desktop_app/robot_app/services.py,1635,backend/python,Windows/Android,Python / misión e historial,Bajo,interno,síncrona,1,_sync_surface_torque_from_telemetry; apply_calibration_surface; get_calibration_surface; list_calibration_surfaces; save_calibration_surface,,
RobotService.list_calibration_surfaces,desktop_app/robot_app/services.py,1643,backend/python,Windows/Android,Python / misión e historial,Bajo,interno,síncrona,2,_sync_surface_torque_from_telemetry; calibration_surfaces,_format_surface_dict,
RobotService.get_calibration_surface,desktop_app/robot_app/services.py,1647,backend/python,Windows/Android,Python / misión e historial,Bajo,interno,síncrona,2,_sync_surface_torque_from_telemetry; apply_calibration_surface; calibration_surface_item; save_calibration_surface,_format_surface_dict,
RobotService.save_calibration_surface,desktop_app/robot_app/services.py,1651,backend/python,Windows/Android,Python / misión e historial,Bajo,interno,síncrona,5,_sync_surface_torque_from_telemetry; calibration_surfaces,_format_surface_dict; get_calibration_surface; publish,
RobotService.delete_calibration_surface,desktop_app/robot_app/services.py,1676,backend/python,Windows/Android,Python / misión e historial,Bajo,interno,síncrona,2,calibration_surface_item,publish,
RobotService.apply_calibration_surface,desktop_app/robot_app/services.py,1682,backend/python,Windows/Android,Python / misión e historial,Bajo,entrada/framework,síncrona,2,,_format_surface_dict; get_calibration_surface; send_command; set_setting,
RobotService._sync_surface_torque_from_telemetry,desktop_app/robot_app/services.py,1716,backend/python,Windows/Android,Python / misión e historial,Bajo,interno,síncrona,11,_on_robot_message,_format_surface_dict; get_calibration_surface; get_setting; list_calibration_surfaces; publish; save_calibration_surface,
_service,desktop_app/robot_app/web.py,24,backend/python,Windows/Android,Python / misión e historial,Bajo,interno,síncrona,1,acknowledge_open_area; apply_calibration_surface; calibration_surface_item; calibration_surfaces; cleanup_sessions; clear_robot_mission_memory; close_application; command; connection; delete_touch_recording; estop; events; export_session_json; export_telemetry; manual_drive; manual_start; manual_stop; missions; return_home; return_touch_recording; robot_config; sessions; start_session; status; stop_session; touch_recording; touch_recordings,,
_require_token,desktop_app/robot_app/web.py,28,backend/python,Windows/Android,Python / misión e historial,Bajo,sin llamada interna detectada,síncrona,2,,wrapper,
_require_token.wrapper,desktop_app/robot_app/web.py,30,backend/python,Windows/Android,Python / misión e historial,Bajo,interno,síncrona,2,_require_token,,
index,desktop_app/robot_app/web.py,39,backend/python,Windows/Android,Python / misión e historial,Bajo,entrada/framework,síncrona,1,,,
ui_asset,desktop_app/robot_app/web.py,49,backend/python,Windows/Android,Python / misión e historial,Bajo,entrada/framework,síncrona,2,,,
status,desktop_app/robot_app/web.py,57,backend/python,Windows/Android,Python / misión e historial,Bajo,entrada/framework,síncrona,1,connection; events; stream,_service,
robot_config,desktop_app/robot_app/web.py,63,backend/python,Windows/Android,Python / misión e historial,Bajo,entrada/framework,síncrona,6,set_vectorial_routes_enabled,_service; set_robot_host; set_vectorial_routes_enabled,
connection,desktop_app/robot_app/web.py,82,backend/python,Windows/Android,Python / misión e historial,Bajo,entrada/framework,síncrona,2,,_service; status,
command,desktop_app/robot_app/web.py,94,backend/python,Windows/Android,Python / misión e historial,Bajo,entrada/framework,síncrona,3,,_service; send_command,
estop,desktop_app/robot_app/web.py,107,backend/python,Windows/Android,Python / misión e historial,Medio,entrada/framework,síncrona,1,,_service; send_command,parada/cierre
manual_start,desktop_app/robot_app/web.py,114,backend/python,Windows/Android,Python / misión e historial,Bajo,entrada/framework,síncrona,3,,_service,
manual_drive,desktop_app/robot_app/web.py,125,backend/python,Windows/Android,Python / misión e historial,Bajo,entrada/framework,síncrona,3,,_service,
manual_stop,desktop_app/robot_app/web.py,136,backend/python,Windows/Android,Python / misión e historial,Bajo,entrada/framework,síncrona,1,,_service,
touch_recordings,desktop_app/robot_app/web.py,142,backend/python,Windows/Android,Python / misión e historial,Bajo,entrada/framework,síncrona,1,initialize; save_touch_recording,_service,
touch_recording,desktop_app/robot_app/web.py,148,backend/python,Windows/Android,Python / misión e historial,Bajo,entrada/framework,síncrona,2,acknowledge_open_area; return_touch_recording,_service,
delete_touch_recording,desktop_app/robot_app/web.py,157,backend/python,Windows/Android,Python / misión e historial,Bajo,entrada/framework,síncrona,2,,_service,
acknowledge_open_area,desktop_app/robot_app/web.py,165,backend/python,Windows/Android,Python / misión e historial,Bajo,entrada/framework,síncrona,3,,_service,
return_touch_recording,desktop_app/robot_app/web.py,176,backend/python,Windows/Android,Python / misión e historial,Bajo,entrada/framework,síncrona,3,,_service,
missions,desktop_app/robot_app/web.py,187,backend/python,Windows/Android,Python / misión e historial,Bajo,entrada/framework,síncrona,5,,_service; mission_status; start_mission; stop_mission,
clear_robot_mission_memory,desktop_app/robot_app/web.py,204,backend/python,Windows/Android,Python / misión e historial,Bajo,entrada/framework,síncrona,1,,_service,
return_home,desktop_app/robot_app/web.py,210,backend/python,Windows/Android,Python / misión e historial,Bajo,entrada/framework,síncrona,2,,_service; start_return_home,
close_application,desktop_app/robot_app/web.py,221,backend/python,Windows/Android,Python / misión e historial,Bajo,entrada/framework,síncrona,3,,_service; prepare_close; start,parada/cierre
start_session,desktop_app/robot_app/web.py,234,backend/python,Windows/Android,Python / misión e historial,Bajo,entrada/framework,síncrona,1,_on_robot_message,_service,
stop_session,desktop_app/robot_app/web.py,240,backend/python,Windows/Android,Python / misión e historial,Bajo,entrada/framework,síncrona,1,_finish_close_preparation; _on_connection_state; _on_disconnect_grace_expired; _on_robot_message; close; send_command,_service,
cleanup_sessions,desktop_app/robot_app/web.py,246,backend/python,Windows/Android,Python / misión e historial,Bajo,entrada/framework,síncrona,2,,_service; purge_sessions,
calibration_surfaces,desktop_app/robot_app/web.py,259,backend/python,Windows/Android,Python / misión e historial,Bajo,entrada/framework,síncrona,4,initialize; save_calibration_surface,_service; list_calibration_surfaces; save_calibration_surface,
calibration_surface_item,desktop_app/robot_app/web.py,290,backend/python,Windows/Android,Python / misión e historial,Bajo,entrada/framework,síncrona,4,,_service; delete_calibration_surface; get_calibration_surface,
apply_calibration_surface,desktop_app/robot_app/web.py,305,backend/python,Windows/Android,Python / misión e historial,Bajo,entrada/framework,síncrona,3,,_service,
export_telemetry,desktop_app/robot_app/web.py,316,backend/python,Windows/Android,Python / misión e historial,Medio,entrada/framework,síncrona,2,,_service; telemetry_rows,telemetría; sesión
sessions,desktop_app/robot_app/web.py,333,backend/python,Windows/Android,Python / misión e historial,Bajo,entrada/framework,síncrona,2,create_session,_service; session_rows,
export_session_json,desktop_app/robot_app/web.py,338,backend/python,Windows/Android,Python / misión e historial,Medio,entrada/framework,síncrona,5,,_service; command_rows; event_rows; session_row; telemetry_rows,telemetría; sesión
events,desktop_app/robot_app/web.py,356,backend/python,Windows/Android,Python / misión e historial,Bajo,entrada/framework,cola/evento,3,insert_event,_service; status; stream; subscribe; unsubscribe,
events.stream,desktop_app/robot_app/web.py,361,backend/python,Windows/Android,Python / misión e historial,Bajo,interno,cola/evento,3,events,status; unsubscribe,
DiagnosticoCalibracion.yawFaseDeltaDeg,include/Cinematica.h,9,firmware/include,ESP32-S3,ESP32 / tiempo real,Bajo,sin llamada interna detectada,síncrona,1,,,
DiagnosticoCalibracion.yawFaseInicioDeg,include/Cinematica.h,9,firmware/include,ESP32-S3,ESP32 / tiempo real,Bajo,sin llamada interna detectada,síncrona,1,,,
DiagnosticoCalibracion.pivotValidado,include/Cinematica.h,10,firmware/include,ESP32-S3,ESP32 / tiempo real,Bajo,sin llamada interna detectada,síncrona,1,,,
DiagnosticoCalibracion.torqueDetectado,include/Cinematica.h,10,firmware/include,ESP32-S3,ESP32 / tiempo real,Bajo,sin llamada interna detectada,síncrona,1,,,
DiagnosticoCalibracion.pwmLado8,include/Cinematica.h,11,firmware/include,ESP32-S3,ESP32 / tiempo real,Bajo,sin llamada interna detectada,síncrona,1,,,
DiagnosticoCalibracion.movimientoFaseMs,include/Cinematica.h,12,firmware/include,ESP32-S3,ESP32 / tiempo real,Bajo,sin llamada interna detectada,síncrona,1,,,
DiagnosticoCalibracion.activa,include/Cinematica.h,13,firmware/include,ESP32-S3,ESP32 / tiempo real,Bajo,sin llamada interna detectada,síncrona,1,,,
DiagnosticoCalibracion.pasoRampa,include/Cinematica.h,14,firmware/include,ESP32-S3,ESP32 / tiempo real,Bajo,sin llamada interna detectada,síncrona,1,,,
DiagnosticoCalibracion.pasosRampaTotal,include/Cinematica.h,15,firmware/include,ESP32-S3,ESP32 / tiempo real,Bajo,sin llamada interna detectada,síncrona,1,,,
DiagnosticoCalibracion.pwmObjetivo,include/Cinematica.h,16,firmware/include,ESP32-S3,ESP32 / tiempo real,Bajo,sin llamada interna detectada,síncrona,1,,,
DiagnosticoCalibracion.candidatoDireccion,include/Cinematica.h,17,firmware/include,ESP32-S3,ESP32 / tiempo real,Bajo,sin llamada interna detectada,síncrona,1,,,
DiagnosticoCalibracion.deltaEncoders,include/Cinematica.h,18,firmware/include,ESP32-S3,ESP32 / tiempo real,Bajo,sin llamada interna detectada,síncrona,1,,,
DiagnosticoCalibracion.promedioLados,include/Cinematica.h,19,firmware/include,ESP32-S3,ESP32 / tiempo real,Bajo,sin llamada interna detectada,síncrona,1,,,
DiagnosticoCalibracion.ladosValidos,include/Cinematica.h,20,firmware/include,ESP32-S3,ESP32 / tiempo real,Bajo,sin llamada interna detectada,síncrona,1,,,
DiagnosticoCalibracion.encoderResponde,include/Cinematica.h,21,firmware/include,ESP32-S3,ESP32 / tiempo real,Bajo,sin llamada interna detectada,síncrona,1,,,
DiagnosticoCalibracion.encoderAislado,include/Cinematica.h,22,firmware/include,ESP32-S3,ESP32 / tiempo real,Bajo,sin llamada interna detectada,síncrona,1,,,
DiagnosticoCalibracion.stallAcumuladoMs,include/Cinematica.h,23,firmware/include,ESP32-S3,ESP32 / tiempo real,Bajo,sin llamada interna detectada,síncrona,1,,,
DiagnosticoCalibracion.giroDetectadoSinEncoders,include/Cinematica.h,24,firmware/include,ESP32-S3,ESP32 / tiempo real,Bajo,sin llamada interna detectada,síncrona,1,,,
DiagnosticoCalibracion.silencioEncodersMs,include/Cinematica.h,25,firmware/include,ESP32-S3,ESP32 / tiempo real,Bajo,sin llamada interna detectada,síncrona,1,,,
DiagnosticoCalibracion.limiteSilencioEncodersMs,include/Cinematica.h,26,firmware/include,ESP32-S3,ESP32 / tiempo real,Bajo,sin llamada interna detectada,síncrona,1,,,
DiagnosticoCalibracion.gyroConfirmado,include/Cinematica.h,27,firmware/include,ESP32-S3,ESP32 / tiempo real,Bajo,sin llamada interna detectada,síncrona,1,,,
DiagnosticoCalibracion.pcntCorroborado,include/Cinematica.h,28,firmware/include,ESP32-S3,ESP32 / tiempo real,Bajo,sin llamada interna detectada,síncrona,1,,,
DiagnosticoCalibracion.encodersQueResponden,include/Cinematica.h,29,firmware/include,ESP32-S3,ESP32 / tiempo real,Bajo,sin llamada interna detectada,síncrona,1,,,
DiagnosticoCalibracion.respuestaFaseA,include/Cinematica.h,30,firmware/include,ESP32-S3,ESP32 / tiempo real,Bajo,sin llamada interna detectada,síncrona,1,,,
DiagnosticoCalibracion.respuestaFaseB,include/Cinematica.h,31,firmware/include,ESP32-S3,ESP32 / tiempo real,Bajo,sin llamada interna detectada,síncrona,1,,,
DiagnosticoCalibracion.yawInicioDeg,include/Cinematica.h,32,firmware/include,ESP32-S3,ESP32 / tiempo real,Bajo,sin llamada interna detectada,síncrona,1,,,
DiagnosticoCalibracion.yawActualDeg,include/Cinematica.h,33,firmware/include,ESP32-S3,ESP32 / tiempo real,Bajo,sin llamada interna detectada,síncrona,1,,,
DiagnosticoCalibracion.errorRetornoDeg,include/Cinematica.h,34,firmware/include,ESP32-S3,ESP32 / tiempo real,Bajo,sin llamada interna detectada,síncrona,1,,,
DiagnosticoCalibracion.retornoWatchdogArmado,include/Cinematica.h,35,firmware/include,ESP32-S3,ESP32 / tiempo real,Bajo,sin llamada interna detectada,síncrona,1,,,
DiagnosticoCalibracion.retornoSinProgresoMs,include/Cinematica.h,36,firmware/include,ESP32-S3,ESP32 / tiempo real,Bajo,sin llamada interna detectada,síncrona,1,,,
DiagnosticoCalibracion.ventanaMaxPwmMs,include/Cinematica.h,37,firmware/include,ESP32-S3,ESP32 / tiempo real,Bajo,sin llamada interna detectada,síncrona,1,,,
DiagnosticoCalibracion.pwmBase8,include/Cinematica.h,38,firmware/include,ESP32-S3,ESP32 / tiempo real,Bajo,sin llamada interna detectada,síncrona,1,,,
DiagnosticoCalibracion.pwmLogicoIzquierdo,include/Cinematica.h,39,firmware/include,ESP32-S3,ESP32 / tiempo real,Bajo,sin llamada interna detectada,síncrona,1,,,
DiagnosticoCalibracion.pwmLogicoDerecho,include/Cinematica.h,40,firmware/include,ESP32-S3,ESP32 / tiempo real,Bajo,sin llamada interna detectada,síncrona,1,,,
DiagnosticoCalibracion.pwmPuenteIzquierdo,include/Cinematica.h,41,firmware/include,ESP32-S3,ESP32 / tiempo real,Bajo,sin llamada interna detectada,síncrona,1,,,
DiagnosticoCalibracion.pwmPuenteDerecho,include/Cinematica.h,42,firmware/include,ESP32-S3,ESP32 / tiempo real,Bajo,sin llamada interna detectada,síncrona,1,,,
DiagnosticoCalibracion.espera,include/Cinematica.h,43,firmware/include,ESP32-S3,ESP32 / tiempo real,Bajo,sin llamada interna detectada,síncrona,1,,,
ManualDriveFrame.throttle,include/Comandos.h,5,firmware/include,ESP32-S3,ESP32 / tiempo real,Bajo,sin llamada interna detectada,síncrona,1,,,
ManualDriveFrame.steering,include/Comandos.h,6,firmware/include,ESP32-S3,ESP32 / tiempo real,Bajo,sin llamada interna detectada,síncrona,1,,,
ManualDriveFrame.stream,include/Comandos.h,7,firmware/include,ESP32-S3,ESP32 / tiempo real,Bajo,interno,síncrona,1,events,,
ManualDriveFrame.frame,include/Comandos.h,8,firmware/include,ESP32-S3,ESP32 / tiempo real,Bajo,sin llamada interna detectada,síncrona,1,,,
ManualDriveFrame.recibidoMs,include/Comandos.h,9,firmware/include,ESP32-S3,ESP32 / tiempo real,Bajo,sin llamada interna detectada,síncrona,1,,,
ComandoRed.tipo,include/Comandos.h,49,firmware/include,ESP32-S3,ESP32 / tiempo real,Bajo,sin llamada interna detectada,síncrona,1,,,
ComandoRed.seq,include/Comandos.h,50,firmware/include,ESP32-S3,ESP32 / tiempo real,Bajo,sin llamada interna detectada,síncrona,1,,,
ComandoRed.heading,include/Comandos.h,51,firmware/include,ESP32-S3,ESP32 / tiempo real,Bajo,sin llamada interna detectada,síncrona,1,,,
ComandoRed.distanciaCm,include/Comandos.h,52,firmware/include,ESP32-S3,ESP32 / tiempo real,Bajo,sin llamada interna detectada,síncrona,1,,,
ComandoRed.factor,include/Comandos.h,53,firmware/include,ESP32-S3,ESP32 / tiempo real,Bajo,sin llamada interna detectada,síncrona,1,,,
ComandoRed.trimIzq,include/Comandos.h,55,firmware/include,ESP32-S3,ESP32 / tiempo real,Bajo,sin llamada interna detectada,síncrona,1,,,
ComandoRed.trimDer,include/Comandos.h,56,firmware/include,ESP32-S3,ESP32 / tiempo real,Bajo,sin llamada interna detectada,síncrona,1,,,
ComandoRed.deadbandIzq8,include/Comandos.h,57,firmware/include,ESP32-S3,ESP32 / tiempo real,Bajo,sin llamada interna detectada,síncrona,1,,,
ComandoRed.deadbandDer8,include/Comandos.h,58,firmware/include,ESP32-S3,ESP32 / tiempo real,Bajo,sin llamada interna detectada,síncrona,1,,,
ComandoRed.targetXCm,include/Comandos.h,61,firmware/include,ESP32-S3,ESP32 / tiempo real,Bajo,sin llamada interna detectada,síncrona,1,,,
ComandoRed.targetYCm,include/Comandos.h,62,firmware/include,ESP32-S3,ESP32 / tiempo real,Bajo,sin llamada interna detectada,síncrona,1,,,
ComandoRed.tieneObjetivoAbsoluto,include/Comandos.h,63,firmware/include,ESP32-S3,ESP32 / tiempo real,Bajo,sin llamada interna detectada,síncrona,1,,,
ComandoRed.modoPaso,include/Comandos.h,64,firmware/include,ESP32-S3,ESP32 / tiempo real,Bajo,sin llamada interna detectada,síncrona,1,,,
ComandoRed.pwmPositivo8,include/Comandos.h,66,firmware/include,ESP32-S3,ESP32 / tiempo real,Bajo,interno,síncrona,1,Registro,,
ComandoRed.pwmNegativo8,include/Comandos.h,67,firmware/include,ESP32-S3,ESP32 / tiempo real,Bajo,interno,síncrona,1,Registro,,
ComandoRed.polaridadPositiva,include/Comandos.h,68,firmware/include,ESP32-S3,ESP32 / tiempo real,Bajo,interno,síncrona,1,Registro,,
ComandoRed.polaridadNegativa,include/Comandos.h,69,firmware/include,ESP32-S3,ESP32 / tiempo real,Bajo,interno,síncrona,1,Registro,,
ComandoRed.icrXCm,include/Comandos.h,70,firmware/include,ESP32-S3,ESP32 / tiempo real,Bajo,sin llamada interna detectada,síncrona,1,,,
ComandoRed.icrYCm,include/Comandos.h,71,firmware/include,ESP32-S3,ESP32 / tiempo real,Bajo,sin llamada interna detectada,síncrona,1,,,
ComandoRed.gyroScale,include/Comandos.h,72,firmware/include,ESP32-S3,ESP32 / tiempo real,Bajo,sin llamada interna detectada,síncrona,1,,,
ControlAngular::DecisionAngular.modo,include/ControlAngular.h,22,firmware/include,ESP32-S3,ESP32 / tiempo real,Bajo,sin llamada interna detectada,síncrona,1,,,
ControlAngular::DecisionAngular.modLadoIzq,include/ControlAngular.h,23,firmware/include,ESP32-S3,ESP32 / tiempo real,Bajo,sin llamada interna detectada,síncrona,1,,,
ControlAngular::DecisionAngular.modLadoDer,include/ControlAngular.h,24,firmware/include,ESP32-S3,ESP32 / tiempo real,Bajo,sin llamada interna detectada,síncrona,1,,,
ControlAngular::DecisionAngular.solicitarPivote,include/ControlAngular.h,25,firmware/include,ESP32-S3,ESP32 / tiempo real,Bajo,sin llamada interna detectada,síncrona,1,,,
ControlAngular.limitarFactor,include/ControlAngular.h,28,firmware/include,ESP32-S3,ESP32 / tiempo real,Bajo,interno,síncrona,3,evaluarLazoAngular,,
ControlAngular.evaluarLazoAngular,include/ControlAngular.h,34,firmware/include,ESP32-S3,ESP32 / tiempo real,Bajo,interno,síncrona,10,controlarAvance,limitarFactor,
ControlCalibracion::EvidenciaPivot.derecha,include/ControlCalibracion.h,11,firmware/include,ESP32-S3,ESP32 / tiempo real,Bajo,sin llamada interna detectada,síncrona,1,,,
ControlCalibracion::EvidenciaPivot.izquierda,include/ControlCalibracion.h,11,firmware/include,ESP32-S3,ESP32 / tiempo real,Bajo,sin llamada interna detectada,síncrona,1,,,
ControlCalibracion::EvidenciaPivot.bilateral,include/ControlCalibracion.h,12,firmware/include,ESP32-S3,ESP32 / tiempo real,Bajo,sin llamada interna detectada,síncrona,1,,,
ControlCalibracion::EvidenciaPivot.equilibrado,include/ControlCalibracion.h,12,firmware/include,ESP32-S3,ESP32 / tiempo real,Bajo,sin llamada interna detectada,síncrona,1,,,
ControlCalibracion::EvidenciaPivot.torque,include/ControlCalibracion.h,12,firmware/include,ESP32-S3,ESP32 / tiempo real,Bajo,sin llamada interna detectada,síncrona,1,,,
ControlCalibracion.evaluarPivot,include/ControlCalibracion.h,14,firmware/include,ESP32-S3,ESP32 / tiempo real,Bajo,interno,síncrona,9,vigilarPivot,,
ControlCalibracion::VigilanciaPivot.movimiento,include/ControlCalibracion.h,25,firmware/include,ESP32-S3,ESP32 / tiempo real,Bajo,sin llamada interna detectada,síncrona,1,,,
ControlCalibracion::VigilanciaPivot.inicioMs,include/ControlCalibracion.h,26,firmware/include,ESP32-S3,ESP32 / tiempo real,Bajo,sin llamada interna detectada,síncrona,1,,,
ControlCalibracion::VigilanciaPivot.ventanaMs,include/ControlCalibracion.h,26,firmware/include,ESP32-S3,ESP32 / tiempo real,Bajo,sin llamada interna detectada,síncrona,1,,,
ControlCalibracion::VigilanciaPivot.ventanasAsimetricas,include/ControlCalibracion.h,27,firmware/include,ESP32-S3,ESP32 / tiempo real,Bajo,sin llamada interna detectada,síncrona,1,,,
ControlCalibracion::VigilanciaPivot.anterior,include/ControlCalibracion.h,28,firmware/include,ESP32-S3,ESP32 / tiempo real,Bajo,sin llamada interna detectada,síncrona,1,,,
ControlCalibracion.vigilarPivot,include/ControlCalibracion.h,30,firmware/include,ESP32-S3,ESP32 / tiempo real,Bajo,sin llamada interna detectada,síncrona,17,,evaluarPivot,
ControlCalibracion::EvaluacionEncoders.promedioIzquierdo,include/ControlCalibracion.h,57,firmware/include,ESP32-S3,ESP32 / tiempo real,Bajo,sin llamada interna detectada,síncrona,1,,,
ControlCalibracion::EvaluacionEncoders.promedioDerecho,include/ControlCalibracion.h,58,firmware/include,ESP32-S3,ESP32 / tiempo real,Bajo,sin llamada interna detectada,síncrona,1,,,
ControlCalibracion::EvaluacionEncoders.ladoIzquierdoValido,include/ControlCalibracion.h,59,firmware/include,ESP32-S3,ESP32 / tiempo real,Bajo,sin llamada interna detectada,síncrona,1,,,
ControlCalibracion::EvaluacionEncoders.ladoDerechoValido,include/ControlCalibracion.h,60,firmware/include,ESP32-S3,ESP32 / tiempo real,Bajo,sin llamada interna detectada,síncrona,1,,,
ControlCalibracion::EvaluacionEncoders.responde,include/ControlCalibracion.h,61,firmware/include,ESP32-S3,ESP32 / tiempo real,Bajo,sin llamada interna detectada,síncrona,1,,,
ControlCalibracion::EvaluacionEncoders.sinRespuestaAislada,include/ControlCalibracion.h,62,firmware/include,ESP32-S3,ESP32 / tiempo real,Bajo,sin llamada interna detectada,síncrona,1,,,
ControlCalibracion::VigilanciaSilencioEncoders.activa,include/ControlCalibracion.h,66,firmware/include,ESP32-S3,ESP32 / tiempo real,Bajo,sin llamada interna detectada,síncrona,1,,,
ControlCalibracion::VigilanciaSilencioEncoders.inicioMs,include/ControlCalibracion.h,67,firmware/include,ESP32-S3,ESP32 / tiempo real,Bajo,sin llamada interna detectada,síncrona,1,,,
ControlCalibracion::VigilanciaSilencioEncoders.transcurridoMs,include/ControlCalibracion.h,68,firmware/include,ESP32-S3,ESP32 / tiempo real,Bajo,sin llamada interna detectada,síncrona,1,,,
ControlCalibracion::EvidenciaMovimiento.gyroConfirmado,include/ControlCalibracion.h,72,firmware/include,ESP32-S3,ESP32 / tiempo real,Bajo,sin llamada interna detectada,síncrona,1,,,
ControlCalibracion::EvidenciaMovimiento.pcntCorroborado,include/ControlCalibracion.h,73,firmware/include,ESP32-S3,ESP32 / tiempo real,Bajo,sin llamada interna detectada,síncrona,1,,,
ControlCalibracion::EvidenciaMovimiento.encodersQueResponden,include/ControlCalibracion.h,74,firmware/include,ESP32-S3,ESP32 / tiempo real,Bajo,sin llamada interna detectada,síncrona,1,,,
ControlCalibracion::EvidenciaMovimiento.confirmada,include/ControlCalibracion.h,76,firmware/include,ESP32-S3,ESP32 / tiempo real,Bajo,sin llamada interna detectada,síncrona,2,,,
ControlCalibracion::ComandoPivot.izquierda,include/ControlCalibracion.h,80,firmware/include,ESP32-S3,ESP32 / tiempo real,Bajo,sin llamada interna detectada,síncrona,1,,,
ControlCalibracion::ComandoPivot.derecha,include/ControlCalibracion.h,81,firmware/include,ESP32-S3,ESP32 / tiempo real,Bajo,sin llamada interna detectada,síncrona,1,,,
ControlCalibracion.comandoPivot,include/ControlCalibracion.h,84,firmware/include,ESP32-S3,ESP32 / tiempo real,Bajo,sin llamada interna detectada,síncrona,1,,,
ControlCalibracion.evaluarMovimiento,include/ControlCalibracion.h,91,firmware/include,ESP32-S3,ESP32 / tiempo real,Bajo,interno,síncrona,3,calTorque,,
ControlCalibracion.actualizarSilencioConGiro,include/ControlCalibracion.h,104,firmware/include,ESP32-S3,ESP32 / tiempo real,Bajo,sin llamada interna detectada,síncrona,5,,,
ControlCalibracion.reiniciarVigilanciaRetorno,include/ControlCalibracion.h,125,firmware/include,ESP32-S3,ESP32 / tiempo real,Bajo,sin llamada interna detectada,síncrona,1,,,
ControlCalibracion.retornoSinProgreso,include/ControlCalibracion.h,133,firmware/include,ESP32-S3,ESP32 / tiempo real,Bajo,sin llamada interna detectada,síncrona,2,,,
ControlCalibracion.evaluarEncoders,include/ControlCalibracion.h,147,firmware/include,ESP32-S3,ESP32 / tiempo real,Bajo,interno,síncrona,5,calTorque,promedioConfiableLado,
ControlCalibracion.totalPasosRampa,include/ControlCalibracion.h,179,firmware/include,ESP32-S3,ESP32 / tiempo real,Bajo,interno,síncrona,3,pasoRampaActual; reiniciarDiagnosticoCalibracion,,
ControlCalibracion.pasoRampaActual,include/ControlCalibracion.h,184,firmware/include,ESP32-S3,ESP32 / tiempo real,Bajo,interno,síncrona,5,actualizarDiagnosticoCalibracion; controlarGiro,totalPasosRampa,
ControlCompensacion::Muestra.trimIzq,include/ControlCompensacion.h,16,firmware/include,ESP32-S3,ESP32 / tiempo real,Bajo,sin llamada interna detectada,síncrona,1,,,
ControlCompensacion::Muestra.trimDer,include/ControlCompensacion.h,17,firmware/include,ESP32-S3,ESP32 / tiempo real,Bajo,sin llamada interna detectada,síncrona,1,,,
ControlCompensacion::Muestra.deadbandIzq8,include/ControlCompensacion.h,18,firmware/include,ESP32-S3,ESP32 / tiempo real,Bajo,sin llamada interna detectada,síncrona,1,,,
ControlCompensacion::Muestra.deadbandDer8,include/ControlCompensacion.h,19,firmware/include,ESP32-S3,ESP32 / tiempo real,Bajo,sin llamada interna detectada,síncrona,1,,,
ControlCompensacion.aplicarPisoDeadband,include/ControlCompensacion.h,25,firmware/include,ESP32-S3,ESP32 / tiempo real,Bajo,sin llamada interna detectada,síncrona,8,,,
ControlCompensacion.limitarTrim,include/ControlCompensacion.h,33,firmware/include,ESP32-S3,ESP32 / tiempo real,Bajo,interno,síncrona,3,agregar; establecer,,
ControlCompensacion.limitarDeadband8,include/ControlCompensacion.h,37,firmware/include,ESP32-S3,ESP32 / tiempo real,Bajo,interno,síncrona,3,agregar; establecer,,
ControlCompensacion::Perfil.reiniciar,include/ControlCompensacion.h,44,firmware/include,ESP32-S3,ESP32 / tiempo real,Bajo,interno,síncrona,1,controlarGiro; frenarMotores; iniciarBaseGiro,,
ControlCompensacion::Perfil.agregar,include/ControlCompensacion.h,48,firmware/include,ESP32-S3,ESP32 / tiempo real,Bajo,interno,síncrona,2,leerArchivo; solicitarGuardarTorque,limitarDeadband8; limitarTrim,
ControlCompensacion::Perfil.establecer,include/ControlCompensacion.h,60,firmware/include,ESP32-S3,ESP32 / tiempo real,Bajo,interno,síncrona,1,procesarComandos,limitarDeadband8; limitarTrim,
ControlCompensacion::Perfil.getLadoIzq,include/ControlCompensacion.h,69,firmware/include,ESP32-S3,ESP32 / tiempo real,Bajo,interno,síncrona,1,controlarAvance,,
ControlCompensacion::Perfil.getLadoDer,include/ControlCompensacion.h,70,firmware/include,ESP32-S3,ESP32 / tiempo real,Bajo,interno,síncrona,1,controlarAvance,,
ControlCompensacion::Perfil.getProm,include/ControlCompensacion.h,71,firmware/include,ESP32-S3,ESP32 / tiempo real,Bajo,sin llamada interna detectada,síncrona,1,,,
ControlCompensacion::Perfil.getDeadbandIzq8,include/ControlCompensacion.h,72,firmware/include,ESP32-S3,ESP32 / tiempo real,Bajo,interno,síncrona,1,aplicarVelocidades,,
ControlCompensacion::Perfil.getDeadbandDer8,include/ControlCompensacion.h,73,firmware/include,ESP32-S3,ESP32 / tiempo real,Bajo,interno,síncrona,1,aplicarVelocidades,,
ControlCompensacion::Perfil.getCantidad,include/ControlCompensacion.h,74,firmware/include,ESP32-S3,ESP32 / tiempo real,Bajo,sin llamada interna detectada,síncrona,1,,,
ControlCompensacion::Perfil.trimIzq_,include/ControlCompensacion.h,77,firmware/include,ESP32-S3,ESP32 / tiempo real,Bajo,sin llamada interna detectada,síncrona,1,,,
ControlCompensacion::Perfil.trimDer_,include/ControlCompensacion.h,78,firmware/include,ESP32-S3,ESP32 / tiempo real,Bajo,sin llamada interna detectada,síncrona,1,,,
ControlCompensacion::Perfil.deadbandIzq8_,include/ControlCompensacion.h,79,firmware/include,ESP32-S3,ESP32 / tiempo real,Bajo,sin llamada interna detectada,síncrona,1,,,
ControlCompensacion::Perfil.deadbandDer8_,include/ControlCompensacion.h,80,firmware/include,ESP32-S3,ESP32 / tiempo real,Bajo,sin llamada interna detectada,síncrona,1,,,
ControlCompensacion::Perfil.cantidad_,include/ControlCompensacion.h,81,firmware/include,ESP32-S3,ESP32 / tiempo real,Bajo,sin llamada interna detectada,síncrona,1,,,
ControlConexion.accionAlPerderWebSocket,include/ControlConexion.h,10,firmware/include,ESP32-S3,ESP32 / tiempo real,Bajo,sin llamada interna detectada,síncrona,2,,,
ControlInicializacionPCNT::Canal.inicializado,include/ControlInicializacionPCNT.h,18,firmware/include,ESP32-S3,ESP32 / tiempo real,Bajo,sin llamada interna detectada,síncrona,1,,,
ControlInicializacionPCNT::Canal.etapaFallida,include/ControlInicializacionPCNT.h,19,firmware/include,ESP32-S3,ESP32 / tiempo real,Bajo,sin llamada interna detectada,síncrona,1,,,
ControlInicializacionPCNT::Canal.codigoError,include/ControlInicializacionPCNT.h,20,firmware/include,ESP32-S3,ESP32 / tiempo real,Bajo,sin llamada interna detectada,síncrona,1,,,
ControlInicializacionPCNT.registrar,include/ControlInicializacionPCNT.h,23,firmware/include,ESP32-S3,ESP32 / tiempo real,Bajo,sin llamada interna detectada,síncrona,3,,,
ControlInicializacionPCNT.todosListos,include/ControlInicializacionPCNT.h,33,firmware/include,ESP32-S3,ESP32 / tiempo real,Bajo,interno,síncrona,3,pcntInicializados,,
ControlInicializacionPCNT.textoEtapa,include/ControlInicializacionPCNT.h,39,firmware/include,ESP32-S3,ESP32 / tiempo real,Bajo,interno,síncrona,8,setup_Sensores,,
ControlManual::SalidaPWM.izquierdo,include/ControlManual.h,9,firmware/include,ESP32-S3,ESP32 / tiempo real,Bajo,sin llamada interna detectada,síncrona,1,,,
ControlManual::SalidaPWM.derecho,include/ControlManual.h,10,firmware/include,ESP32-S3,ESP32 / tiempo real,Bajo,sin llamada interna detectada,síncrona,1,,,
ControlManual.mezclar,include/ControlManual.h,13,firmware/include,ESP32-S3,ESP32 / tiempo real,Bajo,sin llamada interna detectada,síncrona,7,,,
ControlManual.leaseVigente,include/ControlManual.h,26,firmware/include,ESP32-S3,ESP32 / tiempo real,Bajo,sin llamada interna detectada,síncrona,2,,,
ControlManual.esperaPrimerFrameVigente,include/ControlManual.h,30,firmware/include,ESP32-S3,ESP32 / tiempo real,Bajo,sin llamada interna detectada,síncrona,1,,,
ControlManual.acercar,include/ControlManual.h,35,firmware/include,ESP32-S3,ESP32 / tiempo real,Bajo,sin llamada interna detectada,síncrona,6,,,
ControlRuta::ErroresTrayectoria.longitudinalCm,include/ControlRuta.h,12,firmware/include,ESP32-S3,ESP32 / tiempo real,Bajo,sin llamada interna detectada,síncrona,1,,,
ControlRuta::ErroresTrayectoria.lateralCm,include/ControlRuta.h,13,firmware/include,ESP32-S3,ESP32 / tiempo real,Bajo,sin llamada interna detectada,síncrona,1,,,
ControlRuta::ErroresTrayectoria.euclidianoCm,include/ControlRuta.h,14,firmware/include,ESP32-S3,ESP32 / tiempo real,Bajo,sin llamada interna detectada,síncrona,1,,,
ControlRuta::EstadoPI.integralGradoS,include/ControlRuta.h,18,firmware/include,ESP32-S3,ESP32 / tiempo real,Bajo,sin llamada interna detectada,síncrona,1,,,
ControlRuta::SalidaPI.p,include/ControlRuta.h,22,firmware/include,ESP32-S3,ESP32 / tiempo real,Bajo,sin llamada interna detectada,síncrona,1,,,
ControlRuta::SalidaPI.i,include/ControlRuta.h,23,firmware/include,ESP32-S3,ESP32 / tiempo real,Bajo,sin llamada interna detectada,síncrona,1,,,
ControlRuta::SalidaPI.d,include/ControlRuta.h,24,firmware/include,ESP32-S3,ESP32 / tiempo real,Bajo,sin llamada interna detectada,síncrona,1,,,
ControlRuta::SalidaPI.total,include/ControlRuta.h,25,firmware/include,ESP32-S3,ESP32 / tiempo real,Bajo,sin llamada interna detectada,síncrona,1,,,
ControlRuta::SalidaPI.integralGradoS,include/ControlRuta.h,26,firmware/include,ESP32-S3,ESP32 / tiempo real,Bajo,sin llamada interna detectada,síncrona,1,,,
ControlRuta.limitar,include/ControlRuta.h,36,firmware/include,ESP32-S3,ESP32 / tiempo real,Bajo,interno,síncrona,3,actualizarPI; balancearGiroDiferencial; correccionLateralRumboDeg; distanciaFrenoPrevista,,
ControlRuta.normalizar360,include/ControlRuta.h,40,firmware/include,ESP32-S3,ESP32 / tiempo real,Bajo,interno,síncrona,2,calCuenta; calTorque; controlarAvance; controlarCalibracion; errorAngularDeg; iniciarGiroAbsoluto; iniciarPaso; iniciarRecuperacionEndpoint; rumboCuerpoParaTrayecto,,
ControlRuta.errorAngularDeg,include/ControlRuta.h,45,firmware/include,ESP32-S3,ESP32 / tiempo real,Bajo,interno,síncrona,3,reversaAutomatica,normalizar360,
ControlRuta.reversaAutomatica,include/ControlRuta.h,52,firmware/include,ESP32-S3,ESP32 / tiempo real,Bajo,interno,síncrona,1,iniciarPaso; iniciarRecuperacionEndpoint,errorAngularDeg,
ControlRuta.rumboCuerpoParaTrayecto,include/ControlRuta.h,57,firmware/include,ESP32-S3,ESP32 / tiempo real,Bajo,interno,síncrona,2,controlarAvance; iniciarPaso; iniciarRecuperacionEndpoint,normalizar360,
ControlRuta.correccionLateralParaDireccion,include/ControlRuta.h,61,firmware/include,ESP32-S3,ESP32 / tiempo real,Bajo,interno,síncrona,1,controlarAvance,,
ControlRuta.frenarLadoIzquierdoParaRumbo,include/ControlRuta.h,70,firmware/include,ESP32-S3,ESP32 / tiempo real,Bajo,interno,síncrona,1,controlarAvance,,
ControlRuta.distanciaPorTick,include/ControlRuta.h,74,firmware/include,ESP32-S3,ESP32 / tiempo real,Bajo,interno,síncrona,2,controlarAsentamientoFinal; controlarAvance; controlarGiro,,
ControlRuta.distanciaFrenoPrevista,include/ControlRuta.h,80,firmware/include,ESP32-S3,ESP32 / tiempo real,Bajo,interno,síncrona,1,controlarAvance,limitar,
ControlRuta::CorreccionICR.dxCm,include/ControlRuta.h,95,firmware/include,ESP32-S3,ESP32 / tiempo real,Bajo,sin llamada interna detectada,síncrona,1,,,
ControlRuta::CorreccionICR.dyCm,include/ControlRuta.h,96,firmware/include,ESP32-S3,ESP32 / tiempo real,Bajo,sin llamada interna detectada,síncrona,1,,,
ControlRuta.corregirTraslacionParasita,include/ControlRuta.h,99,firmware/include,ESP32-S3,ESP32 / tiempo real,Bajo,interno,síncrona,1,corregirTraslacionParasitaGlobal,,
ControlRuta.corregirTraslacionParasitaGlobal,include/ControlRuta.h,110,firmware/include,ESP32-S3,ESP32 / tiempo real,Bajo,interno,síncrona,1,aplicarCorreccionICR,corregirTraslacionParasita,
ControlRuta.calcularErroresTrayectoriaAnclado,include/ControlRuta.h,127,firmware/include,ESP32-S3,ESP32 / tiempo real,Bajo,interno,síncrona,1,actualizarErroresTrayectoria; calcularErroresTrayectoria,,
ControlRuta.calcularErroresTrayectoria,include/ControlRuta.h,148,firmware/include,ESP32-S3,ESP32 / tiempo real,Bajo,sin llamada interna detectada,síncrona,1,,calcularErroresTrayectoriaAnclado,
ControlRuta.correccionLateralRumboDeg,include/ControlRuta.h,161,firmware/include,ESP32-S3,ESP32 / tiempo real,Bajo,interno,síncrona,1,controlarAvance,limitar,
ControlRuta.actualizarPI,include/ControlRuta.h,168,firmware/include,ESP32-S3,ESP32 / tiempo real,Bajo,interno,síncrona,6,controlarAvance,limitar,estado
ControlRuta.endpointAceptable,include/ControlRuta.h,192,firmware/include,ESP32-S3,ESP32 / tiempo real,Bajo,interno,síncrona,3,objetivoAbsolutoAlcanzado,,
ControlRuta.agotoIntentosEndpoint,include/ControlRuta.h,200,firmware/include,ESP32-S3,ESP32 / tiempo real,Bajo,interno,síncrona,1,decidirEndpoint,,
ControlRuta.decidirEndpoint,include/ControlRuta.h,204,firmware/include,ESP32-S3,ESP32 / tiempo real,Bajo,interno,síncrona,4,decidirEndpointSeguro,agotoIntentosEndpoint,
ControlRuta.decidirEndpointSeguro,include/ControlRuta.h,216,firmware/include,ESP32-S3,ESP32 / tiempo real,Bajo,interno,síncrona,3,iniciarRecuperacionEndpoint,decidirEndpoint,
ControlRuta::SalidaGiroBilateral.pwmL,include/ControlRuta.h,229,firmware/include,ESP32-S3,ESP32 / tiempo real,Bajo,sin llamada interna detectada,síncrona,1,,,
ControlRuta::SalidaGiroBilateral.pwmR,include/ControlRuta.h,230,firmware/include,ESP32-S3,ESP32 / tiempo real,Bajo,sin llamada interna detectada,síncrona,1,,,
ControlRuta::SalidaGiroBilateral.compensacionPwm,include/ControlRuta.h,231,firmware/include,ESP32-S3,ESP32 / tiempo real,Bajo,sin llamada interna detectada,síncrona,1,,,
ControlRuta::SalidaGiroBilateral.desplazamientoCentroCm,include/ControlRuta.h,232,firmware/include,ESP32-S3,ESP32 / tiempo real,Bajo,sin llamada interna detectada,síncrona,1,,,
ControlRuta.balancearGiroDiferencial,include/ControlRuta.h,238,firmware/include,ESP32-S3,ESP32 / tiempo real,Bajo,interno,síncrona,6,controlarGiro,limitar,
ControlSeguridad.imuApta,include/ControlSeguridad.h,11,firmware/include,ESP32-S3,ESP32 / tiempo real,Bajo,sin llamada interna detectada,síncrona,2,,,
ControlSeguridad.estopSolicitado,include/ControlSeguridad.h,15,firmware/include,ESP32-S3,ESP32 / tiempo real,Bajo,interno,síncrona,1,procesarComandos,,
ControlSeguridad.encoderEsOutlier,include/ControlSeguridad.h,19,firmware/include,ESP32-S3,ESP32 / tiempo real,Bajo,interno,síncrona,1,clasificarEncoders; detectarOutliers,,
ControlSeguridad.deltaEncoderPlausible,include/ControlSeguridad.h,24,firmware/include,ESP32-S3,ESP32 / tiempo real,Bajo,sin llamada interna detectada,síncrona,3,,,
ControlSeguridad.saturarDeltaEncoder,include/ControlSeguridad.h,28,firmware/include,ESP32-S3,ESP32 / tiempo real,Bajo,sin llamada interna detectada,síncrona,4,,,
ControlSeguridad::ClasificacionEncoders.confiable,include/ControlSeguridad.h,36,firmware/include,ESP32-S3,ESP32 / tiempo real,Bajo,sin llamada interna detectada,síncrona,1,,,
ControlSeguridad::ClasificacionEncoders.mediana,include/ControlSeguridad.h,37,firmware/include,ESP32-S3,ESP32 / tiempo real,Bajo,sin llamada interna detectada,síncrona,1,,,
ControlSeguridad::ClasificacionEncoders.modoDegradado,include/ControlSeguridad.h,38,firmware/include,ESP32-S3,ESP32 / tiempo real,Bajo,sin llamada interna detectada,síncrona,1,,,
ControlSeguridad::ClasificacionEncoders.ladoIzquierdoValido,include/ControlSeguridad.h,39,firmware/include,ESP32-S3,ESP32 / tiempo real,Bajo,sin llamada interna detectada,síncrona,1,,,
ControlSeguridad::ClasificacionEncoders.ladoDerechoValido,include/ControlSeguridad.h,40,firmware/include,ESP32-S3,ESP32 / tiempo real,Bajo,sin llamada interna detectada,síncrona,1,,,
ControlSeguridad.medianaCuatro,include/ControlSeguridad.h,46,firmware/include,ESP32-S3,ESP32 / tiempo real,Bajo,interno,síncrona,4,actualizarSaludEncoders; clasificarEncoders; mediana4,,
ControlSeguridad.clasificarEncoders,include/ControlSeguridad.h,60,firmware/include,ESP32-S3,ESP32 / tiempo real,Alto,interno,síncrona,14,completarPausaReeval,encoderEsOutlier; medianaCuatro,
ControlSeguridad.promedioConfiableLado,include/ControlSeguridad.h,106,firmware/include,ESP32-S3,ESP32 / tiempo real,Bajo,interno,síncrona,10,actualizarSaludEncoders; controlarGiro; evaluarEncoders; promedioLado; promediosConfiableAcotados,,
ControlSeguridad.acotarLadoFuenteUnica,include/ControlSeguridad.h,130,firmware/include,ESP32-S3,ESP32 / tiempo real,Bajo,interno,síncrona,4,promediosConfiableAcotados,,
ControlSeguridad::PromediosLado.izquierdo,include/ControlSeguridad.h,138,firmware/include,ESP32-S3,ESP32 / tiempo real,Bajo,sin llamada interna detectada,síncrona,1,,,
ControlSeguridad::PromediosLado.derecho,include/ControlSeguridad.h,139,firmware/include,ESP32-S3,ESP32 / tiempo real,Bajo,sin llamada interna detectada,síncrona,1,,,
ControlSeguridad.promediosConfiableAcotados,include/ControlSeguridad.h,144,firmware/include,ESP32-S3,ESP32 / tiempo real,Bajo,interno,síncrona,5,actualizarOdometria,acotarLadoFuenteUnica; promedioConfiableLado,
ControlSeguridad.mediaEncodersSaludables,include/ControlSeguridad.h,166,firmware/include,ESP32-S3,ESP32 / tiempo real,Bajo,interno,síncrona,4,estimarTicksAvance,,
ControlSeguridad.ladoEnStall,include/ControlSeguridad.h,179,firmware/include,ESP32-S3,ESP32 / tiempo real,Bajo,interno,síncrona,3,auditarSalud,,
ControlSeguridad.fuentesPorLadoValidas,include/ControlSeguridad.h,184,firmware/include,ESP32-S3,ESP32 / tiempo real,Bajo,interno,síncrona,4,hayPorLado,,
ControlSeguridad.encoderSinRespuestaAislada,include/ControlSeguridad.h,192,firmware/include,ESP32-S3,ESP32 / tiempo real,Bajo,interno,síncrona,3,actualizarSaludEncoders,,
ControlSeguridad.nivelAntiFriccion8Bit,include/ControlSeguridad.h,197,firmware/include,ESP32-S3,ESP32 / tiempo real,Bajo,interno,síncrona,3,pwmAntiFriccion,,
ControlSeguridad.movimientoAntiFriccionConfirmado,include/ControlSeguridad.h,204,firmware/include,ESP32-S3,ESP32 / tiempo real,Bajo,interno,síncrona,2,controlarAntiFriccion,,
ControlSeguridad.stopDebePreservarFallo,include/ControlSeguridad.h,209,firmware/include,ESP32-S3,ESP32 / tiempo real,Medio,interno,síncrona,2,cancelarMovimiento,,parada/cierre
ControlSeguridad::EstadoVigilanciaDivergenciaGiro.menorErrorAbs,include/ControlSeguridad.h,214,firmware/include,ESP32-S3,ESP32 / tiempo real,Bajo,sin llamada interna detectada,síncrona,1,,,
ControlSeguridad::EstadoVigilanciaDivergenciaGiro.inicioDivergenciaMs,include/ControlSeguridad.h,215,firmware/include,ESP32-S3,ESP32 / tiempo real,Bajo,sin llamada interna detectada,síncrona,1,,,
ControlSeguridad::EstadoVigilanciaDivergenciaGiro.reiniciar,include/ControlSeguridad.h,217,firmware/include,ESP32-S3,ESP32 / tiempo real,Bajo,interno,síncrona,1,controlarGiro; frenarMotores; iniciarBaseGiro,,
ControlSeguridad.evaluarDivergenciaGiro,include/ControlSeguridad.h,223,firmware/include,ESP32-S3,ESP32 / tiempo real,Bajo,interno,síncrona,6,controlarGiro,,estado
ControlTorque::Registro.secuencia,include/ControlTorque.h,14,firmware/include,ESP32-S3,ESP32 / tiempo real,Bajo,interno,síncrona,1,Registro,,
ControlTorque::Registro.pwmPositivo8,include/ControlTorque.h,15,firmware/include,ESP32-S3,ESP32 / tiempo real,Bajo,interno,síncrona,1,Registro,,
ControlTorque::Registro.pwmNegativo8,include/ControlTorque.h,16,firmware/include,ESP32-S3,ESP32 / tiempo real,Bajo,interno,síncrona,1,Registro,,
ControlTorque::Registro.polaridadPositiva,include/ControlTorque.h,17,firmware/include,ESP32-S3,ESP32 / tiempo real,Bajo,interno,síncrona,1,Registro,,
ControlTorque::Registro.polaridadNegativa,include/ControlTorque.h,18,firmware/include,ESP32-S3,ESP32 / tiempo real,Bajo,interno,síncrona,1,Registro,,
ControlTorque::Registro.pwmPositivoDerecho8,include/ControlTorque.h,19,firmware/include,ESP32-S3,ESP32 / tiempo real,Bajo,interno,síncrona,1,Registro,,
ControlTorque::Registro.pwmNegativoDerecho8,include/ControlTorque.h,20,firmware/include,ESP32-S3,ESP32 / tiempo real,Bajo,interno,síncrona,1,Registro,,
ControlTorque::Registro.Registro,include/ControlTorque.h,22,firmware/include,ESP32-S3,ESP32 / tiempo real,Bajo,sin llamada interna detectada,síncrona,1,,polaridadNegativa; polaridadPositiva; pwmNegativo8; pwmNegativoDerecho8; pwmPositivo8; pwmPositivoDerecho8; secuencia,
ControlTorque::Historial.registros,include/ControlTorque.h,32,firmware/include,ESP32-S3,ESP32 / tiempo real,Bajo,sin llamada interna detectada,síncrona,1,,,
ControlTorque::Historial.cantidad,include/ControlTorque.h,33,firmware/include,ESP32-S3,ESP32 / tiempo real,Bajo,sin llamada interna detectada,síncrona,1,,,
ControlTorque::Historial.siguienteSecuencia,include/ControlTorque.h,34,firmware/include,ESP32-S3,ESP32 / tiempo real,Bajo,sin llamada interna detectada,síncrona,1,,,
ControlTorque.registroValido,include/ControlTorque.h,37,firmware/include,ESP32-S3,ESP32 / tiempo real,Bajo,interno,síncrona,14,agregar; leerArchivo; solicitarGuardarTorque,,
ControlTorque.agregar,include/ControlTorque.h,48,firmware/include,ESP32-S3,ESP32 / tiempo real,Bajo,interno,síncrona,5,leerArchivo; solicitarGuardarTorque,registroValido,
ControlTorque.promedioDireccion,include/ControlTorque.h,61,firmware/include,ESP32-S3,ESP32 / tiempo real,Bajo,interno,síncrona,6,recalcularDiagnostico,,
ControlTorque.baseDesdePromedio,include/ControlTorque.h,73,firmware/include,ESP32-S3,ESP32 / tiempo real,Bajo,interno,síncrona,3,baseParaPolaridad; recalcularDiagnostico,,
ControlTorque.baseParaPolaridad,include/ControlTorque.h,80,firmware/include,ESP32-S3,ESP32 / tiempo real,Bajo,interno,síncrona,7,baseTorqueParaPolaridad8,baseDesdePromedio,
ControlTorque.iguales,include/ControlTorque.h,96,firmware/include,ESP32-S3,ESP32 / tiempo real,Bajo,interno,síncrona,10,guardarAtomico,,
EventoRed.tipo,include/Eventos.h,14,firmware/include,ESP32-S3,ESP32 / tiempo real,Bajo,sin llamada interna detectada,síncrona,1,,,
EventoRed.seq,include/Eventos.h,15,firmware/include,ESP32-S3,ESP32 / tiempo real,Bajo,sin llamada interna detectada,síncrona,1,,,
EventoRed.run_id,include/Eventos.h,16,firmware/include,ESP32-S3,ESP32 / tiempo real,Bajo,sin llamada interna detectada,síncrona,1,,,
EventoRed.detalle,include/Eventos.h,17,firmware/include,ESP32-S3,ESP32 / tiempo real,Bajo,sin llamada interna detectada,síncrona,1,,,
EventoRed.progreso,include/Eventos.h,18,firmware/include,ESP32-S3,ESP32 / tiempo real,Bajo,sin llamada interna detectada,síncrona,1,,,
DiagnosticoMemoriaTorque.montada,include/MemoriaTorque.h,6,firmware/include,ESP32-S3,ESP32 / tiempo real,Bajo,sin llamada interna detectada,síncrona,1,,,
DiagnosticoMemoriaTorque.cargada,include/MemoriaTorque.h,7,firmware/include,ESP32-S3,ESP32 / tiempo real,Bajo,sin llamada interna detectada,síncrona,1,,,
DiagnosticoMemoriaTorque.persistenciaPendiente,include/MemoriaTorque.h,8,firmware/include,ESP32-S3,ESP32 / tiempo real,Bajo,sin llamada interna detectada,síncrona,1,,,
DiagnosticoMemoriaTorque.cantidad,include/MemoriaTorque.h,9,firmware/include,ESP32-S3,ESP32 / tiempo real,Bajo,sin llamada interna detectada,síncrona,1,,,
DiagnosticoMemoriaTorque.promedioPositivo8,include/MemoriaTorque.h,10,firmware/include,ESP32-S3,ESP32 / tiempo real,Bajo,sin llamada interna detectada,síncrona,1,,,
DiagnosticoMemoriaTorque.promedioNegativo8,include/MemoriaTorque.h,11,firmware/include,ESP32-S3,ESP32 / tiempo real,Bajo,sin llamada interna detectada,síncrona,1,,,
DiagnosticoMemoriaTorque.promedioPositivoDerecho8,include/MemoriaTorque.h,12,firmware/include,ESP32-S3,ESP32 / tiempo real,Bajo,sin llamada interna detectada,síncrona,1,,,
DiagnosticoMemoriaTorque.promedioNegativoDerecho8,include/MemoriaTorque.h,13,firmware/include,ESP32-S3,ESP32 / tiempo real,Bajo,sin llamada interna detectada,síncrona,1,,,
DiagnosticoMemoriaTorque.basePositiva8,include/MemoriaTorque.h,14,firmware/include,ESP32-S3,ESP32 / tiempo real,Bajo,sin llamada interna detectada,síncrona,1,,,
DiagnosticoMemoriaTorque.baseNegativa8,include/MemoriaTorque.h,15,firmware/include,ESP32-S3,ESP32 / tiempo real,Bajo,sin llamada interna detectada,síncrona,1,,,
DiagnosticoMemoriaTorque.basePositivaDerecha8,include/MemoriaTorque.h,16,firmware/include,ESP32-S3,ESP32 / tiempo real,Bajo,sin llamada interna detectada,síncrona,1,,,
DiagnosticoMemoriaTorque.baseNegativaDerecha8,include/MemoriaTorque.h,17,firmware/include,ESP32-S3,ESP32 / tiempo real,Bajo,sin llamada interna detectada,síncrona,1,,,
DiagnosticoMemoriaTorque.estado,include/MemoriaTorque.h,18,firmware/include,ESP32-S3,ESP32 / tiempo real,Bajo,sin llamada interna detectada,síncrona,1,,,estado
PoseEstimator.getX,include/PoseEstimator.h,21,firmware/include,ESP32-S3,ESP32 / tiempo real,Bajo,interno,síncrona,1,actualizarErroresTrayectoria; iniciarAvance; iniciarPaso,,
PoseEstimator.getY,include/PoseEstimator.h,22,firmware/include,ESP32-S3,ESP32 / tiempo real,Bajo,interno,síncrona,1,actualizarErroresTrayectoria; iniciarAvance; iniciarPaso,,
PoseEstimator.getThetaRad,include/PoseEstimator.h,23,firmware/include,ESP32-S3,ESP32 / tiempo real,Bajo,sin llamada interna detectada,síncrona,1,,,
PoseEstimator.getThetaDeg,include/PoseEstimator.h,24,firmware/include,ESP32-S3,ESP32 / tiempo real,Bajo,sin llamada interna detectada,síncrona,1,,,
PoseEstimator.getArcoCentroGiroCm,include/PoseEstimator.h,28,firmware/include,ESP32-S3,ESP32 / tiempo real,Bajo,sin llamada interna detectada,síncrona,1,,,
PoseEstimator.getTraslacionGiroXCm,include/PoseEstimator.h,29,firmware/include,ESP32-S3,ESP32 / tiempo real,Bajo,sin llamada interna detectada,síncrona,1,,,
PoseEstimator.getTraslacionGiroYCm,include/PoseEstimator.h,30,firmware/include,ESP32-S3,ESP32 / tiempo real,Bajo,sin llamada interna detectada,síncrona,1,,,
PoseEstimator.x_global,include/PoseEstimator.h,33,firmware/include,ESP32-S3,ESP32 / tiempo real,Bajo,sin llamada interna detectada,síncrona,1,,,
PoseEstimator.y_global,include/PoseEstimator.h,34,firmware/include,ESP32-S3,ESP32 / tiempo real,Bajo,sin llamada interna detectada,síncrona,1,,,
PoseEstimator.theta_rad,include/PoseEstimator.h,35,firmware/include,ESP32-S3,ESP32 / tiempo real,Bajo,sin llamada interna detectada,síncrona,1,,,
PoseEstimator.last_pulsos_FL,include/PoseEstimator.h,37,firmware/include,ESP32-S3,ESP32 / tiempo real,Bajo,sin llamada interna detectada,síncrona,1,,,
PoseEstimator.last_pulsos_FR,include/PoseEstimator.h,38,firmware/include,ESP32-S3,ESP32 / tiempo real,Bajo,sin llamada interna detectada,síncrona,1,,,
PoseEstimator.last_pulsos_BL,include/PoseEstimator.h,39,firmware/include,ESP32-S3,ESP32 / tiempo real,Bajo,sin llamada interna detectada,síncrona,1,,,
PoseEstimator.last_pulsos_BR,include/PoseEstimator.h,40,firmware/include,ESP32-S3,ESP32 / tiempo real,Bajo,sin llamada interna detectada,síncrona,1,,,
PoseEstimator.cm_por_pulso,include/PoseEstimator.h,42,firmware/include,ESP32-S3,ESP32 / tiempo real,Bajo,sin llamada interna detectada,síncrona,1,,,
PoseEstimator.ultimo_signo_l,include/PoseEstimator.h,43,firmware/include,ESP32-S3,ESP32 / tiempo real,Bajo,sin llamada interna detectada,síncrona,1,,,
PoseEstimator.ultimo_signo_r,include/PoseEstimator.h,44,firmware/include,ESP32-S3,ESP32 / tiempo real,Bajo,sin llamada interna detectada,síncrona,1,,,
PoseEstimator.arco_centro_giro_cm,include/PoseEstimator.h,45,firmware/include,ESP32-S3,ESP32 / tiempo real,Bajo,sin llamada interna detectada,síncrona,1,,,
PoseEstimator.traslacion_giro_x_cm,include/PoseEstimator.h,46,firmware/include,ESP32-S3,ESP32 / tiempo real,Bajo,sin llamada interna detectada,síncrona,1,,,
PoseEstimator.traslacion_giro_y_cm,include/PoseEstimator.h,47,firmware/include,ESP32-S3,ESP32 / tiempo real,Bajo,sin llamada interna detectada,síncrona,1,,,
PoseEstimator.DISTANCIA_EJES_CM,include/PoseEstimator.h,49,firmware/include,ESP32-S3,ESP32 / tiempo real,Bajo,sin llamada interna detectada,síncrona,1,,,
Seguridad.inicio_movimiento_ms,include/Seguridad.h,25,firmware/include,ESP32-S3,ESP32 / tiempo real,Bajo,sin llamada interna detectada,síncrona,1,,,
Seguridad.pulsos_movimiento_iniciales,include/Seguridad.h,26,firmware/include,ESP32-S3,ESP32 / tiempo real,Bajo,sin llamada interna detectada,síncrona,1,,,
Seguridad.inicio_ventana_encoder_ms,include/Seguridad.h,27,firmware/include,ESP32-S3,ESP32 / tiempo real,Bajo,sin llamada interna detectada,síncrona,1,,,
Seguridad.pulsos_ventana_encoder,include/Seguridad.h,28,firmware/include,ESP32-S3,ESP32 / tiempo real,Bajo,sin llamada interna detectada,síncrona,1,,,
Seguridad.pulsos_lado_anteriores,include/Seguridad.h,29,firmware/include,ESP32-S3,ESP32 / tiempo real,Bajo,sin llamada interna detectada,síncrona,1,,,
Seguridad.ultimo_progreso_lado_ms,include/Seguridad.h,30,firmware/include,ESP32-S3,ESP32 / tiempo real,Bajo,sin llamada interna detectada,síncrona,1,,,
SensorSnapshot.pulsosFL,include/Sensores.h,6,firmware/include,ESP32-S3,ESP32 / tiempo real,Bajo,sin llamada interna detectada,síncrona,1,,,
SensorSnapshot.pulsosFR,include/Sensores.h,7,firmware/include,ESP32-S3,ESP32 / tiempo real,Bajo,sin llamada interna detectada,síncrona,1,,,
SensorSnapshot.pulsosBL,include/Sensores.h,8,firmware/include,ESP32-S3,ESP32 / tiempo real,Bajo,sin llamada interna detectada,síncrona,1,,,
SensorSnapshot.pulsosBR,include/Sensores.h,9,firmware/include,ESP32-S3,ESP32 / tiempo real,Bajo,sin llamada interna detectada,síncrona,1,,,
SensorSnapshot.delta_pulsos_filtrado_FL,include/Sensores.h,10,firmware/include,ESP32-S3,ESP32 / tiempo real,Bajo,sin llamada interna detectada,síncrona,1,,,
SensorSnapshot.delta_pulsos_filtrado_FR,include/Sensores.h,11,firmware/include,ESP32-S3,ESP32 / tiempo real,Bajo,sin llamada interna detectada,síncrona,1,,,
SensorSnapshot.delta_pulsos_filtrado_BL,include/Sensores.h,12,firmware/include,ESP32-S3,ESP32 / tiempo real,Bajo,sin llamada interna detectada,síncrona,1,,,
SensorSnapshot.delta_pulsos_filtrado_BR,include/Sensores.h,13,firmware/include,ESP32-S3,ESP32 / tiempo real,Bajo,sin llamada interna detectada,síncrona,1,,,
SensorSnapshot.velocidad_filtrada_L_cm_s,include/Sensores.h,14,firmware/include,ESP32-S3,ESP32 / tiempo real,Bajo,sin llamada interna detectada,síncrona,1,,,
SensorSnapshot.velocidad_filtrada_R_cm_s,include/Sensores.h,15,firmware/include,ESP32-S3,ESP32 / tiempo real,Bajo,sin llamada interna detectada,síncrona,1,,,
SensorSnapshot.imu_deltaZ_rad,include/Sensores.h,16,firmware/include,ESP32-S3,ESP32 / tiempo real,Bajo,sin llamada interna detectada,síncrona,1,,,
SensorSnapshot.gyro_z_filtrado_rad_s,include/Sensores.h,17,firmware/include,ESP32-S3,ESP32 / tiempo real,Bajo,sin llamada interna detectada,síncrona,1,,,
SensorSnapshot.gyro_z_offset_rad_s,include/Sensores.h,18,firmware/include,ESP32-S3,ESP32 / tiempo real,Bajo,sin llamada interna detectada,síncrona,1,,,
SensorSnapshot.yaw_integrado_deg,include/Sensores.h,19,firmware/include,ESP32-S3,ESP32 / tiempo real,Bajo,sin llamada interna detectada,síncrona,1,,,
SensorSnapshot.timestamp_ms,include/Sensores.h,20,firmware/include,ESP32-S3,ESP32 / tiempo real,Bajo,sin llamada interna detectada,síncrona,1,,,
SensorSnapshot.timestamp_us,include/Sensores.h,21,firmware/include,ESP32-S3,ESP32 / tiempo real,Bajo,sin llamada interna detectada,síncrona,1,,,
SensorSnapshot.mpu_present,include/Sensores.h,22,firmware/include,ESP32-S3,ESP32 / tiempo real,Bajo,sin llamada interna detectada,síncrona,1,,,
SensorSnapshot.mpu_stale,include/Sensores.h,23,firmware/include,ESP32-S3,ESP32 / tiempo real,Bajo,sin llamada interna detectada,síncrona,1,,,
SensorSnapshot.mpu_calibrated,include/Sensores.h,24,firmware/include,ESP32-S3,ESP32 / tiempo real,Bajo,sin llamada interna detectada,síncrona,1,,,
SensorSnapshot.fuente5vOk,include/Sensores.h,25,firmware/include,ESP32-S3,ESP32 / tiempo real,Bajo,sin llamada interna detectada,síncrona,1,,,
SensorSnapshot.sequence,include/Sensores.h,26,firmware/include,ESP32-S3,ESP32 / tiempo real,Bajo,sin llamada interna detectada,síncrona,1,,,
__anon3dcaec680111.errorAng360,src/Cinematica.cpp,81,firmware/src,ESP32-S3,ESP32 / tiempo real,Bajo,interno,síncrona,3,controlarAvance; controlarGiro; controlarPausaPreAvance; controlarPausaPreGiro; detectarOutliers; iniciarBaseGiro; iniciarPasoInterno; iniciarRecuperacionEndpoint; objetivoAbsolutoAlcanzado; verificarObjetivoFinal,,
__anon3dcaec680111.aproximar,src/Cinematica.cpp,87,firmware/src,ESP32-S3,ESP32 / tiempo real,Bajo,interno,síncrona,1,controlarAvance; controlarGiro,,
__anon3dcaec680111.sensar,src/Cinematica.cpp,90,firmware/src,ESP32-S3,ESP32 / tiempo real,Bajo,interno,síncrona,1,aplicarCalibracionInyectada; calCuenta; calTorque; controlarAsentamientoFinal; controlarAvance; controlarCalibracion; controlarGiro; controlarPausaPreAvance; controlarPausaPreGiro; iniciarAsentamientoFinal; iniciarAvance; iniciarBaseGiro; iniciarCalibracion; intentarAutoRestaurarCalibracion; verificarObjetivoFinal,obtenerUltimoSnapshotSensores,
__anon3dcaec680111.copiarBase,src/Cinematica.cpp,95,firmware/src,ESP32-S3,ESP32 / tiempo real,Bajo,interno,síncrona,1,calCuenta; calTorque; controlarAntiFriccion; controlarCalibracion; controlarGiro; iniciarAntiFriccion; iniciarAsentamientoFinal; iniciarAvance; iniciarBaseGiro,,
__anon3dcaec680111.deltas,src/Cinematica.cpp,98,firmware/src,ESP32-S3,ESP32 / tiempo real,Bajo,interno,síncrona,1,calTorque; controlarAntiFriccion; controlarAsentamientoFinal; controlarAvance; controlarGiro,,
__anon3dcaec680111.fin,src/Cinematica.cpp,104,firmware/src,ESP32-S3,ESP32 / tiempo real,Bajo,interno,evento,3,completarGiro; completarPaso; completarPasoConCorreccionPendiente; controlarAvance; fallo,encolarEvento; frenarMotores; registrarMotivoFinalizacion; reiniciarControlRumbo,
__anon3dcaec680111.fallo,src/Cinematica.cpp,117,firmware/src,ESP32-S3,ESP32 / tiempo real,Bajo,interno,síncrona,1,calCuenta; calTorque; completarPausaReeval; controlarAntiFriccion; controlarAsentamientoFinal; controlarAvance; controlarCalibracion; controlarGiro; iniciarRecuperacionEndpoint; reintentarGiro,fin,
__anon3dcaec680111.reiniciarDiagnosticoCalibracion,src/Cinematica.cpp,134,firmware/src,ESP32-S3,ESP32 / tiempo real,Bajo,interno,síncrona,1,calCuenta; iniciarCalibracion,totalPasosRampa,
__anon3dcaec680111.actualizarDiagnosticoCalibracion,src/Cinematica.cpp,141,firmware/src,ESP32-S3,ESP32 / tiempo real,Bajo,interno,síncrona,2,calTorque,pasoRampaActual,
__anon3dcaec680111.conservarEncodersAisladosDelDiagnostico,src/Cinematica.cpp,163,firmware/src,ESP32-S3,ESP32 / tiempo real,Bajo,interno,síncrona,3,calTorque,,
__anon3dcaec680111.iniciarFaseCal,src/Cinematica.cpp,176,firmware/src,ESP32-S3,ESP32 / tiempo real,Bajo,interno,síncrona,1,calCuenta; calTorque; completarGiro; controlarCalibracion,,
__anon3dcaec680111.calCuenta,src/Cinematica.cpp,180,firmware/src,ESP32-S3,ESP32 / tiempo real,Bajo,interno,síncrona,5,controlarCalibracion,copiarBase; fallo; iniciarFaseCal; normalizar360; recalibrarOffsetIMU; reiniciarDiagnosticoCalibracion; sensar,
__anon3dcaec680111.calTorque,src/Cinematica.cpp,197,firmware/src,ESP32-S3,ESP32 / tiempo real,Alto,interno,síncrona,29,controlarCalibracion,actualizarDiagnosticoCalibracion; aplicarVelocidades; conservarEncodersAisladosDelDiagnostico; copiarBase; deltas; evaluarEncoders; evaluarMovimiento; fallo; frenarMotores; iniciarBaseGiro; iniciarFaseCal; normalizar360; sensar,
__anon3dcaec680111.controlarCalibracion,src/Cinematica.cpp,304,firmware/src,ESP32-S3,ESP32 / tiempo real,Bajo,interno,síncrona,14,controlarMovimiento,calCuenta; calTorque; controlarGiro; copiarBase; fallo; frenarMotores; iniciarBaseGiro; iniciarFaseCal; normalizar360; sensar,
__anon3dcaec680111.iniciarBaseGiro,src/Cinematica.cpp,377,firmware/src,ESP32-S3,ESP32 / tiempo real,Bajo,interno,síncrona,11,calTorque; controlarAvance; controlarCalibracion; controlarPausaPreAvance; controlarPausaPreGiro; iniciarGiroAbsoluto; iniciarRecuperacionEndpoint; verificarObjetivoFinal,copiarBase; errorAng360; establecerLimiteContinuoPwm; iniciarMedicionTraslacionGiro; reiniciar; reiniciarControlRumbo; sensar,
__anon3dcaec680111.reintentarGiro,src/Cinematica.cpp,429,firmware/src,ESP32-S3,ESP32 / tiempo real,Bajo,interno,síncrona,2,controlarGiro,fallo; frenarMotores,
__anon3dcaec680111.controlarGiro,src/Cinematica.cpp,439,firmware/src,ESP32-S3,ESP32 / tiempo real,Alto,interno,síncrona,132,controlarCalibracion; controlarMovimiento,aplicarVelocidades; aproximar; balancearGiroDiferencial; completarGiro; copiarBase; deltas; distanciaPorTick; errorAng360; evaluarDivergenciaGiro; fallo; frenarMotores; frenarMotoresActivo; pasoRampaActual; promedioConfiableLado; reiniciar; reintentarGiro; sensar; solicitarGuardarTorque,
__anon3dcaec680111.completarGiro,src/Cinematica.cpp,784,firmware/src,ESP32-S3,ESP32 / tiempo real,Bajo,interno,síncrona,9,controlarGiro,fin; frenarMotores; iniciarFaseCal; iniciarPausaPreAvance; iniciarVerificacionFinal; reset; resetOrientacionIMU; solicitarGuardarTorque,
__anon3dcaec680111.actualizarErroresTrayectoria,src/Cinematica.cpp,835,firmware/src,ESP32-S3,ESP32 / tiempo real,Bajo,interno,síncrona,2,controlarAsentamientoFinal; controlarAvance; iniciarAvance; iniciarPaso; iniciarRecuperacionEndpoint; objetivoAbsolutoAlcanzado,calcularErroresTrayectoriaAnclado; getX; getY,
__anon3dcaec680111.objetivoAbsolutoAlcanzado,src/Cinematica.cpp,850,firmware/src,ESP32-S3,ESP32 / tiempo real,Bajo,sin llamada interna detectada,síncrona,2,,actualizarErroresTrayectoria; endpointAceptable; errorAng360,
__anon3dcaec680111.mediana4,src/Cinematica.cpp,857,firmware/src,ESP32-S3,ESP32 / tiempo real,Bajo,interno,síncrona,1,detectarOutliers,medianaCuatro,
__anon3dcaec680111.hayPorLado,src/Cinematica.cpp,860,firmware/src,ESP32-S3,ESP32 / tiempo real,Bajo,interno,síncrona,1,controlarAvance,fuentesPorLadoValidas,
__anon3dcaec680111.promedioLado,src/Cinematica.cpp,861,firmware/src,ESP32-S3,ESP32 / tiempo real,Bajo,interno,síncrona,1,controlarAntiFriccion; controlarAvance,promedioConfiableLado,
__anon3dcaec680111.estimarTicksAvance,src/Cinematica.cpp,864,firmware/src,ESP32-S3,ESP32 / tiempo real,Bajo,interno,síncrona,1,controlarAsentamientoFinal; controlarAvance,mediaEncodersSaludables,
__anon3dcaec680111.resetConfEncoders,src/Cinematica.cpp,869,firmware/src,ESP32-S3,ESP32 / tiempo real,Bajo,interno,síncrona,3,iniciarAvance,resetFiltrosEncoder,
__anon3dcaec680111.iniciarAvance,src/Cinematica.cpp,877,firmware/src,ESP32-S3,ESP32 / tiempo real,Bajo,interno,síncrona,8,completarPausaReeval; controlarPausaPreAvance; controlarPausaPreGiro; iniciarRecuperacionEndpoint,actualizarErroresTrayectoria; copiarBase; distanciaAlObjetivo; establecerLimiteContinuoPwm; getX; getY; reiniciarControlRumbo; resetConfEncoders; sensar,
__anon3dcaec680111.detectarOutliers,src/Cinematica.cpp,930,firmware/src,ESP32-S3,ESP32 / tiempo real,Bajo,sin llamada interna detectada,síncrona,12,,encoderEsOutlier; errorAng360; mediana4,
__anon3dcaec680111.iniciarPausaReeval,src/Cinematica.cpp,949,firmware/src,ESP32-S3,ESP32 / tiempo real,Bajo,sin llamada interna detectada,síncrona,2,,frenarMotores; reiniciarControlRumbo,
__anon3dcaec680111.completarPausaReeval,src/Cinematica.cpp,958,firmware/src,ESP32-S3,ESP32 / tiempo real,Bajo,interno,síncrona,5,controlarAvance,clasificarEncoders; fallo; iniciarAvance,
__anon3dcaec680111.pwmAntiFriccion,src/Cinematica.cpp,975,firmware/src,ESP32-S3,ESP32 / tiempo real,Bajo,interno,síncrona,1,controlarAntiFriccion; iniciarAntiFriccion,nivelAntiFriccion8Bit,
__anon3dcaec680111.iniciarAntiFriccion,src/Cinematica.cpp,981,firmware/src,ESP32-S3,ESP32 / tiempo real,Bajo,interno,síncrona,1,controlarAvance,copiarBase; frenarMotores; pwmAntiFriccion,
__anon3dcaec680111.controlarAntiFriccion,src/Cinematica.cpp,993,firmware/src,ESP32-S3,ESP32 / tiempo real,Alto,interno,síncrona,10,controlarAvance,aplicarVelocidades; copiarBase; deltas; fallo; frenarMotores; movimientoAntiFriccionConfirmado; promedioLado; pwmAntiFriccion,
__anon3dcaec680111.controlarAvance,src/Cinematica.cpp,1049,firmware/src,ESP32-S3,ESP32 / tiempo real,Alto,interno,síncrona,69,controlarMovimiento,actualizarErroresTrayectoria; actualizarPI; anguloAlObjetivoRad; aplicarVelocidades; aproximar; completarPausaReeval; controlarAntiFriccion; correccionLateralParaDireccion; correccionLateralRumboDeg; deltas; distanciaAlObjetivo; distanciaFrenoPrevista; distanciaPorTick; errorAng360; estimarTicksAvance; evaluarLazoAngular; fallo; fin; frenarLadoIzquierdoParaRumbo; frenarMotores; frenarMotoresActivo; getLadoDer; getLadoIzq; hayPorLado; iniciarAntiFriccion; iniciarAsentamientoFinal; iniciarBaseGiro; normalizar360; promedioLado; registrarMotivoFinalizacion; rumboCuerpoParaTrayecto; sensar,
__anon3dcaec680111.iniciarAsentamientoFinal,src/Cinematica.cpp,1345,firmware/src,ESP32-S3,ESP32 / tiempo real,Bajo,interno,síncrona,1,controlarAvance,copiarBase; establecerLimiteContinuoPwm; frenarMotoresActivo; sensar,
__anon3dcaec680111.controlarAsentamientoFinal,src/Cinematica.cpp,1360,firmware/src,ESP32-S3,ESP32 / tiempo real,Bajo,interno,síncrona,8,controlarMovimiento,actualizarErroresTrayectoria; deltas; distanciaPorTick; estimarTicksAvance; fallo; frenarMotoresActivo; sensar,
__anon3dcaec680111.iniciarVerificacionFinal,src/Cinematica.cpp,1396,firmware/src,ESP32-S3,ESP32 / tiempo real,Bajo,interno,síncrona,1,completarGiro; controlarMovimiento,frenarMotores,
__anon3dcaec680111.iniciarRecuperacionEndpoint,src/Cinematica.cpp,1403,firmware/src,ESP32-S3,ESP32 / tiempo real,Bajo,sin llamada interna detectada,síncrona,9,,actualizarErroresTrayectoria; anguloAlObjetivoRad; completarPasoConCorreccionPendiente; decidirEndpointSeguro; distanciaAlObjetivo; errorAng360; fallo; iniciarAvance; iniciarBaseGiro; normalizar360; reversaAutomatica; rumboCuerpoParaTrayecto,
__anon3dcaec680111.verificarObjetivoFinal,src/Cinematica.cpp,1457,firmware/src,ESP32-S3,ESP32 / tiempo real,Bajo,interno,síncrona,5,controlarMovimiento,completarPaso; errorAng360; frenarMotores; iniciarBaseGiro; sensar,
__anon3dcaec680111.completarPaso,src/Cinematica.cpp,1473,firmware/src,ESP32-S3,ESP32 / tiempo real,Bajo,interno,síncrona,1,verificarObjetivoFinal,fin,
__anon3dcaec680111.completarPasoConCorreccionPendiente,src/Cinematica.cpp,1479,firmware/src,ESP32-S3,ESP32 / tiempo real,Bajo,interno,síncrona,1,iniciarRecuperacionEndpoint,fin,
__anon3dcaec680111.iniciarPausaPreGiro,src/Cinematica.cpp,1490,firmware/src,ESP32-S3,ESP32 / tiempo real,Bajo,interno,síncrona,1,iniciarPasoInterno,frenarMotores,
__anon3dcaec680111.controlarPausaPreGiro,src/Cinematica.cpp,1497,firmware/src,ESP32-S3,ESP32 / tiempo real,Bajo,interno,síncrona,4,controlarMovimiento,errorAng360; frenarMotores; iniciarAvance; iniciarBaseGiro; sensar,
__anon3dcaec680111.iniciarPausaPreAvance,src/Cinematica.cpp,1514,firmware/src,ESP32-S3,ESP32 / tiempo real,Bajo,interno,síncrona,1,completarGiro; iniciarPasoInterno,frenarMotores,
__anon3dcaec680111.controlarPausaPreAvance,src/Cinematica.cpp,1522,firmware/src,ESP32-S3,ESP32 / tiempo real,Bajo,interno,síncrona,4,controlarMovimiento,errorAng360; frenarMotores; iniciarAvance; iniciarBaseGiro; sensar,
__anon3dcaec680111.iniciarPasoInterno,src/Cinematica.cpp,1538,firmware/src,ESP32-S3,ESP32 / tiempo real,Bajo,interno,síncrona,2,iniciarPaso,errorAng360; iniciarPausaPreAvance; iniciarPausaPreGiro,
normalizar360,src/Cinematica.cpp,1551,firmware/src,ESP32-S3,ESP32 / tiempo real,Bajo,interno,síncrona,2,calCuenta; calTorque; controlarAvance; controlarCalibracion; errorAngularDeg; iniciarGiroAbsoluto; iniciarPaso; iniciarRecuperacionEndpoint; rumboCuerpoParaTrayecto,,
reiniciarControlRumbo,src/Cinematica.cpp,1556,firmware/src,ESP32-S3,ESP32 / tiempo real,Bajo,interno,síncrona,1,auditarSalud; cancelarMovimiento; fin; forzarEStop; iniciarAvance; iniciarBaseGiro; iniciarPausaReeval; resetFallo,,
registrarMotivoFinalizacion,src/Cinematica.cpp,1567,firmware/src,ESP32-S3,ESP32 / tiempo real,Bajo,interno,síncrona,2,auditarSalud; cancelarMovimiento; controlarAvance; fin; forzarEStop; iniciarCalibracion; iniciarGiroAbsoluto; iniciarPaso; resetFallo; setup,,
enFaseAvance,src/Cinematica.cpp,1571,firmware/src,ESP32-S3,ESP32 / tiempo real,Bajo,interno,síncrona,1,auditarSalud,,
enFaseTraslacion,src/Cinematica.cpp,1572,firmware/src,ESP32-S3,ESP32 / tiempo real,Bajo,sin llamada interna detectada,síncrona,2,,,
enFaseGiro,src/Cinematica.cpp,1575,firmware/src,ESP32-S3,ESP32 / tiempo real,Bajo,interno,síncrona,6,auditarSalud,,
enFaseCalibracion,src/Cinematica.cpp,1580,firmware/src,ESP32-S3,ESP32 / tiempo real,Bajo,interno,síncrona,1,auditarSalud,,
obtenerDiagnosticoCalibracion,src/Cinematica.cpp,1583,firmware/src,ESP32-S3,ESP32 / tiempo real,Bajo,sin llamada interna detectada,síncrona,1,,,
iniciarCalibracion,src/Cinematica.cpp,1589,firmware/src,ESP32-S3,ESP32 / tiempo real,Bajo,interno,evento,6,procesarComandos,encolarEvento; establecerLimiteContinuoPwm; registrarMotivoFinalizacion; reiniciarDiagnosticoCalibracion; sensar,
aplicarCalibracionInyectada,src/Cinematica.cpp,1608,firmware/src,ESP32-S3,ESP32 / tiempo real,Bajo,interno,evento,19,intentarAutoRestaurarCalibracion; procesarComandos,encolarEvento; frenarMotores; obtenerCalibracionVigente; reset; resetOrientacionIMU; sensar; solicitarGuardarTorque,
intentarAutoRestaurarCalibracion,src/Cinematica.cpp,1654,firmware/src,ESP32-S3,ESP32 / tiempo real,Bajo,sin llamada interna detectada,síncrona,7,,aplicarCalibracionInyectada; obtenerCalibracionVigente; sensar,
iniciarPaso,src/Cinematica.cpp,1664,firmware/src,ESP32-S3,ESP32 / tiempo real,Bajo,interno,evento,27,procesarComandos,actualizarErroresTrayectoria; encolarEvento; getX; getY; iniciarPasoInterno; normalizar360; registrarMotivoFinalizacion; reversaAutomatica; rumboCuerpoParaTrayecto,estado
iniciarGiroAbsoluto,src/Cinematica.cpp,1764,firmware/src,ESP32-S3,ESP32 / tiempo real,Bajo,interno,evento,5,procesarComandos,encolarEvento; iniciarBaseGiro; normalizar360; registrarMotivoFinalizacion,estado
cancelarMovimiento,src/Cinematica.cpp,1793,firmware/src,ESP32-S3,ESP32 / tiempo real,Medio,interno,evento,6,procesarComandos,encolarEvento; frenarMotores; registrarMotivoFinalizacion; reiniciarControlRumbo; stopDebePreservarFallo,parada/cierre
controlarMovimiento,src/Cinematica.cpp,1815,firmware/src,ESP32-S3,ESP32 / tiempo real,Bajo,sin llamada interna detectada,síncrona,24,,controlarAsentamientoFinal; controlarAvance; controlarCalibracion; controlarGiro; controlarPausaPreAvance; controlarPausaPreGiro; iniciarVerificacionFinal; verificarObjetivoFinal,
__anon3946a1160111.textoReset,src/DiagnosticoRTOS.cpp,19,firmware/src,ESP32-S3,ESP32 / tiempo real,Bajo,interno,síncrona,11,inicializarDiagnosticoRTOS; validarLogicaDiagnosticoRTOS,,
__anon3946a1160111.actualizarMinimo,src/DiagnosticoRTOS.cpp,35,firmware/src,ESP32-S3,ESP32 / tiempo real,Bajo,interno,síncrona,2,registrarStackLibre,,
__anon3946a1160111.resultadosValidos,src/DiagnosticoRTOS.cpp,40,firmware/src,ESP32-S3,ESP32 / tiempo real,Bajo,interno,síncrona,2,registrarResultadoArquitectura; validarLogicaDiagnosticoRTOS,,
__anon3946a1160111.stackBajoValores,src/DiagnosticoRTOS.cpp,44,firmware/src,ESP32-S3,ESP32 / tiempo real,Bajo,interno,síncrona,3,stackRTOSBajo; validarLogicaDiagnosticoRTOS,,
inicializarDiagnosticoRTOS,src/DiagnosticoRTOS.cpp,52,firmware/src,ESP32-S3,ESP32 / tiempo real,Bajo,interno,síncrona,1,setup,textoReset,
registrarStackLibre,src/DiagnosticoRTOS.cpp,57,firmware/src,ESP32-S3,ESP32 / tiempo real,Bajo,interno,síncrona,3,Task_Web; loop,actualizarMinimo,
registrarResultadoArquitectura,src/DiagnosticoRTOS.cpp,64,firmware/src,ESP32-S3,ESP32 / tiempo real,Bajo,interno,síncrona,3,setup,resultadosValidos,
registrarCicloControl,src/DiagnosticoRTOS.cpp,72,firmware/src,ESP32-S3,ESP32 / tiempo real,Bajo,interno,síncrona,4,loop,,
stackRTOSBajo,src/DiagnosticoRTOS.cpp,82,firmware/src,ESP32-S3,ESP32 / tiempo real,Bajo,sin llamada interna detectada,síncrona,1,,stackBajoValores,
validarLogicaDiagnosticoRTOS,src/DiagnosticoRTOS.cpp,86,firmware/src,ESP32-S3,ESP32 / tiempo real,Bajo,sin llamada interna detectada,síncrona,11,,resultadosValidos; stackBajoValores; textoReset,
contenidoSinNul,src/Estado.cpp,13,firmware/src,ESP32-S3,ESP32 / tiempo real,Bajo,interno,síncrona,3,cadenaConfiguracionValida,,
cadenaConfiguracionValida,src/Estado.cpp,19,firmware/src,ESP32-S3,ESP32 / tiempo real,Bajo,sin llamada interna detectada,síncrona,3,,contenidoSinNul,
encolarEvento,src/Eventos.cpp,6,firmware/src,ESP32-S3,ESP32 / tiempo real,Bajo,interno,cola/evento,20,aplicarCalibracionInyectada; auditarSalud; cancelarMovimiento; fin; iniciarCalibracion; iniciarGiroAbsoluto; iniciarPaso; procesarComandos,,
__anonea91e7c40111.copiarEstado,src/MemoriaTorque.cpp,20,firmware/src,ESP32-S3,ESP32 / tiempo real,Bajo,interno,síncrona,1,procesarPersistenciaTorque; setup_MemoriaTorque; solicitarGuardarTorque,,estado
__anonea91e7c40111.recalcularDiagnostico,src/MemoriaTorque.cpp,25,firmware/src,ESP32-S3,ESP32 / tiempo real,Bajo,interno,síncrona,1,procesarPersistenciaTorque; setup_MemoriaTorque; solicitarGuardarTorque,baseDesdePromedio; promedioDireccion,
__anonea91e7c40111.leerArchivo,src/MemoriaTorque.cpp,38,firmware/src,ESP32-S3,ESP32 / tiempo real,Bajo,interno,síncrona,13,guardarAtomico; setup_MemoriaTorque,agregar; close; registroValido,
__anonea91e7c40111.escribirArchivo,src/MemoriaTorque.cpp,71,firmware/src,ESP32-S3,ESP32 / tiempo real,Bajo,interno,síncrona,4,guardarAtomico,close,
__anonea91e7c40111.guardarAtomico,src/MemoriaTorque.cpp,86,firmware/src,ESP32-S3,ESP32 / tiempo real,Bajo,interno,síncrona,8,procesarPersistenciaTorque,escribirArchivo; iguales; leerArchivo,
setup_MemoriaTorque,src/MemoriaTorque.cpp,106,firmware/src,ESP32-S3,ESP32 / tiempo real,Bajo,interno,síncrona,7,setup,copiarEstado; leerArchivo; recalcularDiagnostico,
baseTorqueParaPolaridad8,src/MemoriaTorque.cpp,136,firmware/src,ESP32-S3,ESP32 / tiempo real,Bajo,sin llamada interna detectada,síncrona,1,,baseParaPolaridad,
solicitarGuardarTorque,src/MemoriaTorque.cpp,143,firmware/src,ESP32-S3,ESP32 / tiempo real,Bajo,interno,síncrona,5,aplicarCalibracionInyectada; completarGiro; controlarGiro,agregar; copiarEstado; recalcularDiagnostico; registroValido,
procesarPersistenciaTorque,src/MemoriaTorque.cpp,161,firmware/src,ESP32-S3,ESP32 / tiempo real,Bajo,interno,síncrona,5,Task_Web,copiarEstado; guardarAtomico; recalcularDiagnostico,
persistenciaTorquePendiente,src/MemoriaTorque.cpp,176,firmware/src,ESP32-S3,ESP32 / tiempo real,Bajo,sin llamada interna detectada,síncrona,1,,,
obtenerDiagnosticoMemoriaTorque,src/MemoriaTorque.cpp,183,firmware/src,ESP32-S3,ESP32 / tiempo real,Bajo,sin llamada interna detectada,síncrona,1,,,
obtenerCalibracionVigente,src/MemoriaTorque.cpp,190,firmware/src,ESP32-S3,ESP32 / tiempo real,Bajo,interno,síncrona,6,aplicarCalibracionInyectada; intentarAutoRestaurarCalibracion,,
validarMapaMotores,src/Motores.cpp,108,firmware/src,ESP32-S3,ESP32 / tiempo real,Bajo,interno,síncrona,9,aplicarVelocidades; setup_MotorPinsLow; setup_Motores,,
establecerLimiteContinuoPwm,src/Motores.cpp,205,firmware/src,ESP32-S3,ESP32 / tiempo real,Bajo,interno,síncrona,1,iniciarAsentamientoFinal; iniciarAvance; iniciarBaseGiro; iniciarCalibracion,,
limiteContinuoPwm,src/Motores.cpp,209,firmware/src,ESP32-S3,ESP32 / tiempo real,Bajo,sin llamada interna detectada,síncrona,1,,,
aplicarVelocidades,src/Motores.cpp,211,firmware/src,ESP32-S3,ESP32 / tiempo real,Alto,interno,síncrona,17,calTorque; controlarAntiFriccion; controlarAvance; controlarGiro,getDeadbandDer8; getDeadbandIzq8; motoresListos; validarMapaMotores,
frenarMotores,src/Motores.cpp,274,firmware/src,ESP32-S3,ESP32 / tiempo real,Bajo,interno,síncrona,1,aplicarCalibracionInyectada; auditarSalud; calTorque; cancelarMovimiento; completarGiro; controlarAntiFriccion; controlarAvance; controlarCalibracion; controlarGiro; controlarPausaPreAvance; controlarPausaPreGiro; fin; forzarEStop; iniciarAntiFriccion; iniciarPausaPreAvance; iniciarPausaPreGiro; iniciarPausaReeval; iniciarVerificacionFinal; reintentarGiro; resetFallo; setup; setup_Motores; verificarObjetivoFinal,reiniciar,
frenarMotoresActivo,src/Motores.cpp,288,firmware/src,ESP32-S3,ESP32 / tiempo real,Alto,interno,síncrona,3,controlarAsentamientoFinal; controlarAvance; controlarGiro; iniciarAsentamientoFinal,,
actualizarFrenoActivo,src/Motores.cpp,306,firmware/src,ESP32-S3,ESP32 / tiempo real,Bajo,sin llamada interna detectada,síncrona,3,,,
frenoActivoEnCurso,src/Motores.cpp,315,firmware/src,ESP32-S3,ESP32 / tiempo real,Bajo,sin llamada interna detectada,síncrona,1,,,
validarInterlockMotores,src/Motores.cpp,319,firmware/src,ESP32-S3,ESP32 / tiempo real,Bajo,sin llamada interna detectada,síncrona,24,,,estado
estadoInterlockL,src/Motores.cpp,365,firmware/src,ESP32-S3,ESP32 / tiempo real,Bajo,sin llamada interna detectada,síncrona,1,,,estado
estadoInterlockR,src/Motores.cpp,366,firmware/src,ESP32-S3,ESP32 / tiempo real,Bajo,sin llamada interna detectada,síncrona,1,,,estado
signoEnergizadoL,src/Motores.cpp,367,firmware/src,ESP32-S3,ESP32 / tiempo real,Bajo,sin llamada interna detectada,síncrona,1,,,
signoEnergizadoR,src/Motores.cpp,368,firmware/src,ESP32-S3,ESP32 / tiempo real,Bajo,sin llamada interna detectada,síncrona,1,,,
signoPendienteL,src/Motores.cpp,369,firmware/src,ESP32-S3,ESP32 / tiempo real,Bajo,sin llamada interna detectada,síncrona,1,,,
signoPendienteR,src/Motores.cpp,370,firmware/src,ESP32-S3,ESP32 / tiempo real,Bajo,sin llamada interna detectada,síncrona,1,,,
motoresListos,src/Motores.cpp,372,firmware/src,ESP32-S3,ESP32 / tiempo real,Bajo,interno,síncrona,1,aplicarVelocidades; resetFallo,,
estadoMotores,src/Motores.cpp,374,firmware/src,ESP32-S3,ESP32 / tiempo real,Bajo,interno,síncrona,4,setup,,
setup_MotorPinsLow,src/Motores.cpp,383,firmware/src,ESP32-S3,ESP32 / tiempo real,Bajo,interno,síncrona,5,setup,validarMapaMotores,
setup_Motores,src/Motores.cpp,395,firmware/src,ESP32-S3,ESP32 / tiempo real,Alto,interno,síncrona,4,setup,frenarMotores; validarMapaMotores,
PoseEstimator.PoseEstimator,src/PoseEstimator.cpp,10,firmware/src,ESP32-S3,ESP32 / tiempo real,Bajo,sin llamada interna detectada,síncrona,1,,reset,
PoseEstimator.inicializar,src/PoseEstimator.cpp,14,firmware/src,ESP32-S3,ESP32 / tiempo real,Bajo,interno,síncrona,1,setup,,
PoseEstimator.reset,src/PoseEstimator.cpp,18,firmware/src,ESP32-S3,ESP32 / tiempo real,Bajo,interno,síncrona,1,PoseEstimator; aplicarCalibracionInyectada; completarGiro; procesarComandos,iniciarMedicionTraslacionGiro,
PoseEstimator.actualizarOdometria,src/PoseEstimator.cpp,30,firmware/src,ESP32-S3,ESP32 / tiempo real,Bajo,sin llamada interna detectada,síncrona,6,,promediosConfiableAcotados,
PoseEstimator.iniciarMedicionTraslacionGiro,src/PoseEstimator.cpp,68,firmware/src,ESP32-S3,ESP32 / tiempo real,Bajo,interno,síncrona,1,iniciarBaseGiro; reset,,
PoseEstimator.aplicarCorreccionICR,src/PoseEstimator.cpp,74,firmware/src,ESP32-S3,ESP32 / tiempo real,Bajo,sin llamada interna detectada,síncrona,2,,corregirTraslacionParasitaGlobal,
PoseEstimator.actualizarOrientacion,src/PoseEstimator.cpp,84,firmware/src,ESP32-S3,ESP32 / tiempo real,Bajo,sin llamada interna detectada,síncrona,3,,,
PoseEstimator.distanciaAlObjetivo,src/PoseEstimator.cpp,91,firmware/src,ESP32-S3,ESP32 / tiempo real,Bajo,interno,síncrona,1,controlarAvance; iniciarAvance; iniciarRecuperacionEndpoint,,
PoseEstimator.anguloAlObjetivoRad,src/PoseEstimator.cpp,97,firmware/src,ESP32-S3,ESP32 / tiempo real,Bajo,interno,síncrona,1,controlarAvance; iniciarRecuperacionEndpoint,,
setup_Red,src/Red.cpp,602,firmware/src,ESP32-S3,ESP32 / tiempo real,Medio,interno,asíncrona,4,setup,,
procesarWebSockets,src/Red.cpp,616,firmware/src,ESP32-S3,ESP32 / tiempo real,Bajo,interno,síncrona,3,Task_Web,,
pushTelemetria,src/Red.cpp,622,firmware/src,ESP32-S3,ESP32 / tiempo real,Bajo,interno,síncrona,1,Task_Web,,
Seguridad.Seguridad,src/Seguridad.cpp,11,firmware/src,ESP32-S3,ESP32 / tiempo real,Bajo,sin llamada interna detectada,síncrona,2,,,
Seguridad.reiniciarSaludEncoders,src/Seguridad.cpp,22,firmware/src,ESP32-S3,ESP32 / tiempo real,Bajo,sin llamada interna detectada,síncrona,2,,,
Seguridad.prepararRevalidacionEncoders,src/Seguridad.cpp,37,firmware/src,ESP32-S3,ESP32 / tiempo real,Bajo,interno,síncrona,4,resetFallo,,
Seguridad.aplicarClasificacionEncoders,src/Seguridad.cpp,53,firmware/src,ESP32-S3,ESP32 / tiempo real,Bajo,sin llamada interna detectada,síncrona,3,,,
Seguridad.actualizarSaludEncoders,src/Seguridad.cpp,67,firmware/src,ESP32-S3,ESP32 / tiempo real,Alto,sin llamada interna detectada,síncrona,48,,encoderSinRespuestaAislada; medianaCuatro; promedioConfiableLado,
Seguridad.auditarSalud,src/Seguridad.cpp,206,firmware/src,ESP32-S3,ESP32 / tiempo real,Alto,sin llamada interna detectada,evento,21,,enFaseAvance; enFaseCalibracion; enFaseGiro; encolarEvento; frenarMotores; ladoEnStall; registrarMotivoFinalizacion; reiniciarControlRumbo,parada/cierre
Seguridad.forzarEStop,src/Seguridad.cpp,290,firmware/src,ESP32-S3,ESP32 / tiempo real,Medio,interno,síncrona,1,procesarComandos,frenarMotores; registrarMotivoFinalizacion; reiniciarControlRumbo,parada/cierre
Seguridad.resetFallo,src/Seguridad.cpp,300,firmware/src,ESP32-S3,ESP32 / tiempo real,Medio,interno,síncrona,6,procesarComandos,frenarMotores; motoresListos; pcntInicializados; prepararRevalidacionEncoders; registrarMotivoFinalizacion; reiniciarControlRumbo,parada/cierre
setup_Sensores,src/Sensores.cpp,99,firmware/src,ESP32-S3,ESP32 / tiempo real,Bajo,interno,síncrona,8,setup,textoEtapa,
establecerEscalaGiro,src/Sensores.cpp,164,firmware/src,ESP32-S3,ESP32 / tiempo real,Bajo,interno,síncrona,3,procesarComandos,,
obtenerEscalaGiro,src/Sensores.cpp,169,firmware/src,ESP32-S3,ESP32 / tiempo real,Bajo,sin llamada interna detectada,síncrona,1,,,
pcntInicializados,src/Sensores.cpp,173,firmware/src,ESP32-S3,ESP32 / tiempo real,Bajo,interno,síncrona,1,procesarComandos; resetFallo; setup,todosListos,
diagnosticoInicializacionPCNT,src/Sensores.cpp,177,firmware/src,ESP32-S3,ESP32 / tiempo real,Bajo,sin llamada interna detectada,síncrona,1,,,
resetFiltrosEncoder,src/Sensores.cpp,222,firmware/src,ESP32-S3,ESP32 / tiempo real,Bajo,interno,síncrona,1,resetConfEncoders,,
resetOrientacionIMU,src/Sensores.cpp,229,firmware/src,ESP32-S3,ESP32 / tiempo real,Bajo,interno,síncrona,1,aplicarCalibracionInyectada; completarGiro; procesarComandos,,
recalibrarOffsetIMU,src/Sensores.cpp,239,firmware/src,ESP32-S3,ESP32 / tiempo real,Bajo,interno,síncrona,5,calCuenta,,
obtenerYawIMUDeg,src/Sensores.cpp,269,firmware/src,ESP32-S3,ESP32 / tiempo real,Bajo,sin llamada interna detectada,síncrona,1,,,
recentrarYawIMUEnReposo,src/Sensores.cpp,276,firmware/src,ESP32-S3,ESP32 / tiempo real,Bajo,sin llamada interna detectada,síncrona,2,,,
cantidadRecentradosYawIMU,src/Sensores.cpp,293,firmware/src,ESP32-S3,ESP32 / tiempo real,Bajo,sin llamada interna detectada,síncrona,1,,,
leerSensoresSincrono,src/Sensores.cpp,353,firmware/src,ESP32-S3,ESP32 / tiempo real,Bajo,sin llamada interna detectada,síncrona,4,,,
snapshotSensoresControl,src/Sensores.cpp,380,firmware/src,ESP32-S3,ESP32 / tiempo real,Bajo,interno,síncrona,1,loop,,
obtenerUltimoSnapshotSensores,src/Sensores.cpp,384,firmware/src,ESP32-S3,ESP32 / tiempo real,Bajo,interno,síncrona,1,sensar,,
solicitarManualBegin,src/main.cpp,36,firmware/src,ESP32-S3,ESP32 / tiempo real,Bajo,sin llamada interna detectada,síncrona,1,,,
solicitarManualEnd,src/main.cpp,37,firmware/src,ESP32-S3,ESP32 / tiempo real,Bajo,sin llamada interna detectada,síncrona,1,,,
solicitarManualDesconexion,src/main.cpp,38,firmware/src,ESP32-S3,ESP32 / tiempo real,Bajo,sin llamada interna detectada,síncrona,1,,,
solicitarDesconexionControl,src/main.cpp,39,firmware/src,ESP32-S3,ESP32 / tiempo real,Bajo,sin llamada interna detectada,síncrona,1,,,
tomarDesconexionControl,src/main.cpp,45,firmware/src,ESP32-S3,ESP32 / tiempo real,Bajo,sin llamada interna detectada,síncrona,1,,,
publicarManualDrive,src/main.cpp,52,firmware/src,ESP32-S3,ESP32 / tiempo real,Bajo,sin llamada interna detectada,síncrona,4,,,
tomarSolicitudManual,src/main.cpp,61,firmware/src,ESP32-S3,ESP32 / tiempo real,Bajo,sin llamada interna detectada,síncrona,1,,,
leerManualDrive,src/main.cpp,65,firmware/src,ESP32-S3,ESP32 / tiempo real,Bajo,sin llamada interna detectada,síncrona,1,,,
limpiarManualDrive,src/main.cpp,66,firmware/src,ESP32-S3,ESP32 / tiempo real,Bajo,sin llamada interna detectada,síncrona,1,,,
faseManualTexto,src/main.cpp,73,firmware/src,ESP32-S3,ESP32 / tiempo real,Bajo,sin llamada interna detectada,síncrona,3,,,
inicioManualMs,src/main.cpp,77,firmware/src,ESP32-S3,ESP32 / tiempo real,Bajo,sin llamada interna detectada,síncrona,1,,,
procesarComandos,src/main.cpp,135,firmware/src,ESP32-S3,ESP32 / tiempo real,Bajo,sin llamada interna detectada,cola/evento,29,,aplicarCalibracionInyectada; cancelarMovimiento; encolarEvento; establecer; establecerEscalaGiro; estopSolicitado; forzarEStop; iniciarCalibracion; iniciarGiroAbsoluto; iniciarPaso; pcntInicializados; reset; resetFallo; resetOrientacionIMU,cola de comandos
Task_Web,src/main.cpp,229,firmware/src,ESP32-S3,ESP32 / tiempo real,Bajo,sin llamada interna detectada,síncrona,8,,procesarPersistenciaTorque; procesarWebSockets; pushTelemetria; registrarStackLibre,
setup,src/main.cpp,305,firmware/src,ESP32-S3,ESP32 / tiempo real,Alto,entrada/framework,cola/evento,5,,estadoMotores; frenarMotores; inicializar; inicializarDiagnosticoRTOS; pcntInicializados; registrarMotivoFinalizacion; registrarResultadoArquitectura; setup_MemoriaTorque; setup_MotorPinsLow; setup_Motores; setup_Red; setup_Sensores,cola de comandos
loop,src/main.cpp,344,firmware/src,ESP32-S3,ESP32 / tiempo real,Bajo,entrada/framework,síncrona,6,init,registrarCicloControl; registrarStackLibre; snapshotSensoresControl,
RobotApi.constructor,desktop_app/frontend/src/api.ts,4,frontend/typescript,Windows (validación),HMI / operador,Bajo,sin llamada interna detectada,síncrona,1,,,
RobotApi.status,desktop_app/frontend/src/api.ts,6,frontend/typescript,Windows (validación),HMI / operador,Bajo,entrada/framework,asíncrona,2,connection; events; stream,,
isRobotStatus,desktop_app/frontend/src/protocol.ts,191,frontend/typescript,Windows (validación),HMI / operador,Bajo,sin llamada interna detectada,síncrona,1,,,
SistemaDeDescomposicionDePuntosAVectoresYARutaOrtogonal.fm,SistemaDeDescomposicionDePuntosAVectoresYARutaOrtogonal.html,187,herramientas/scripts,Desarrollo,Mantenimiento / herramientas,Bajo,sin llamada interna detectada,síncrona,4,,nLetter,
SistemaDeDescomposicionDePuntosAVectoresYARutaOrtogonal.nLetter,SistemaDeDescomposicionDePuntosAVectoresYARutaOrtogonal.html,189,herramientas/scripts,Desarrollo,Mantenimiento / herramientas,Bajo,interno,síncrona,2,addPt; fm,,
SistemaDeDescomposicionDePuntosAVectoresYARutaOrtogonal.toast,SistemaDeDescomposicionDePuntosAVectoresYARutaOrtogonal.html,192,herramientas/scripts,Desarrollo,Mantenimiento / herramientas,Bajo,interno,síncrona,2,addPt; cFrame; clearAll; genRoute,,
SistemaDeDescomposicionDePuntosAVectoresYARutaOrtogonal.addPt,SistemaDeDescomposicionDePuntosAVectoresYARutaOrtogonal.html,201,herramientas/scripts,Desarrollo,Mantenimiento / herramientas,Bajo,interno,síncrona,5,init,draw; nLetter; rPts; toast; upSt,
SistemaDeDescomposicionDePuntosAVectoresYARutaOrtogonal.rmPt,SistemaDeDescomposicionDePuntosAVectoresYARutaOrtogonal.html,212,herramientas/scripts,Desarrollo,Mantenimiento / herramientas,Bajo,interno,síncrona,1,rPts,calcSteps; draw; rChips; rPts; rSteps; upSt,
SistemaDeDescomposicionDePuntosAVectoresYARutaOrtogonal.clearAll,SistemaDeDescomposicionDePuntosAVectoresYARutaOrtogonal.html,217,herramientas/scripts,Desarrollo,Mantenimiento / herramientas,Bajo,sin llamada interna detectada,síncrona,2,,draw; rChips; rPts; rSteps; stopC; toast; upSt,
SistemaDeDescomposicionDePuntosAVectoresYARutaOrtogonal.rPts,SistemaDeDescomposicionDePuntosAVectoresYARutaOrtogonal.html,223,herramientas/scripts,Desarrollo,Mantenimiento / herramientas,Bajo,interno,síncrona,2,addPt; clearAll; init; rmPt,draw; rmPt,
SistemaDeDescomposicionDePuntosAVectoresYARutaOrtogonal.genRoute,SistemaDeDescomposicionDePuntosAVectoresYARutaOrtogonal.html,237,herramientas/scripts,Desarrollo,Mantenimiento / herramientas,Bajo,interno,síncrona,5,init,calcSteps; draw; rChips; rSteps; toast; upSt,
SistemaDeDescomposicionDePuntosAVectoresYARutaOrtogonal.rChips,SistemaDeDescomposicionDePuntosAVectoresYARutaOrtogonal.html,249,herramientas/scripts,Desarrollo,Mantenimiento / herramientas,Bajo,interno,síncrona,3,clearAll; genRoute; rmPt,,
SistemaDeDescomposicionDePuntosAVectoresYARutaOrtogonal.calcSteps,SistemaDeDescomposicionDePuntosAVectoresYARutaOrtogonal.html,259,herramientas/scripts,Desarrollo,Mantenimiento / herramientas,Bajo,interno,síncrona,3,genRoute; rmPt,buildCSegs,
SistemaDeDescomposicionDePuntosAVectoresYARutaOrtogonal.buildCSegs,SistemaDeDescomposicionDePuntosAVectoresYARutaOrtogonal.html,271,herramientas/scripts,Desarrollo,Mantenimiento / herramientas,Bajo,interno,síncrona,3,calcSteps,,
SistemaDeDescomposicionDePuntosAVectoresYARutaOrtogonal.rSteps,SistemaDeDescomposicionDePuntosAVectoresYARutaOrtogonal.html,280,herramientas/scripts,Desarrollo,Mantenimiento / herramientas,Bajo,interno,síncrona,8,clearAll; genRoute; rmPt,draw,
SistemaDeDescomposicionDePuntosAVectoresYARutaOrtogonal.draw,SistemaDeDescomposicionDePuntosAVectoresYARutaOrtogonal.html,315,herramientas/scripts,Desarrollo,Mantenimiento / herramientas,Bajo,interno,síncrona,46,addPt; cFrame; clearAll; genRoute; init; initEv; rPts; rSteps; renderRecording; resetV; rmPt; rsz; stopC,arrow,
SistemaDeDescomposicionDePuntosAVectoresYARutaOrtogonal.arrow,SistemaDeDescomposicionDePuntosAVectoresYARutaOrtogonal.html,432,herramientas/scripts,Desarrollo,Mantenimiento / herramientas,Bajo,interno,síncrona,2,_initCharts; draw,,
SistemaDeDescomposicionDePuntosAVectoresYARutaOrtogonal.toggleCine,SistemaDeDescomposicionDePuntosAVectoresYARutaOrtogonal.html,443,herramientas/scripts,Desarrollo,Mantenimiento / herramientas,Bajo,sin llamada interna detectada,síncrona,2,,startC; stopC,
SistemaDeDescomposicionDePuntosAVectoresYARutaOrtogonal.startC,SistemaDeDescomposicionDePuntosAVectoresYARutaOrtogonal.html,445,herramientas/scripts,Desarrollo,Mantenimiento / herramientas,Medio,interno,síncrona,2,toggleCine,add,
SistemaDeDescomposicionDePuntosAVectoresYARutaOrtogonal.stopC,SistemaDeDescomposicionDePuntosAVectoresYARutaOrtogonal.html,455,herramientas/scripts,Desarrollo,Mantenimiento / herramientas,Bajo,interno,síncrona,2,cFrame; clearAll; toggleCine,draw,
SistemaDeDescomposicionDePuntosAVectoresYARutaOrtogonal.cFrame,SistemaDeDescomposicionDePuntosAVectoresYARutaOrtogonal.html,465,herramientas/scripts,Desarrollo,Mantenimiento / herramientas,Bajo,sin llamada interna detectada,síncrona,6,,draw; hlStep; stopC; toast,
SistemaDeDescomposicionDePuntosAVectoresYARutaOrtogonal.hlStep,SistemaDeDescomposicionDePuntosAVectoresYARutaOrtogonal.html,479,herramientas/scripts,Desarrollo,Mantenimiento / herramientas,Bajo,interno,síncrona,2,cFrame,add,
SistemaDeDescomposicionDePuntosAVectoresYARutaOrtogonal.upSt,SistemaDeDescomposicionDePuntosAVectoresYARutaOrtogonal.html,486,herramientas/scripts,Desarrollo,Mantenimiento / herramientas,Bajo,interno,síncrona,1,addPt; clearAll; genRoute; init; rmPt,,
SistemaDeDescomposicionDePuntosAVectoresYARutaOrtogonal.resetV,SistemaDeDescomposicionDePuntosAVectoresYARutaOrtogonal.html,493,herramientas/scripts,Desarrollo,Mantenimiento / herramientas,Bajo,sin llamada interna detectada,síncrona,1,,draw,
SistemaDeDescomposicionDePuntosAVectoresYARutaOrtogonal.initResize,SistemaDeDescomposicionDePuntosAVectoresYARutaOrtogonal.html,496,herramientas/scripts,Desarrollo,Mantenimiento / herramientas,Bajo,interno,síncrona,13,init,add; mainW; onDown; onMove; onUp; rsz,
SistemaDeDescomposicionDePuntosAVectoresYARutaOrtogonal.mainW,SistemaDeDescomposicionDePuntosAVectoresYARutaOrtogonal.html,497,herramientas/scripts,Desarrollo,Mantenimiento / herramientas,Bajo,interno,síncrona,3,initResize; onMove,add; onDown,
SistemaDeDescomposicionDePuntosAVectoresYARutaOrtogonal.pL,SistemaDeDescomposicionDePuntosAVectoresYARutaOrtogonal.html,498,herramientas/scripts,Desarrollo,Mantenimiento / herramientas,Bajo,sin llamada interna detectada,síncrona,3,,add; onDown,
SistemaDeDescomposicionDePuntosAVectoresYARutaOrtogonal.pR,SistemaDeDescomposicionDePuntosAVectoresYARutaOrtogonal.html,499,herramientas/scripts,Desarrollo,Mantenimiento / herramientas,Bajo,sin llamada interna detectada,síncrona,3,,add; onDown,
SistemaDeDescomposicionDePuntosAVectoresYARutaOrtogonal.onDown,SistemaDeDescomposicionDePuntosAVectoresYARutaOrtogonal.html,503,herramientas/scripts,Desarrollo,Mantenimiento / herramientas,Bajo,interno,síncrona,3,initResize; mainW; pL; pR,add,
SistemaDeDescomposicionDePuntosAVectoresYARutaOrtogonal.onMove,SistemaDeDescomposicionDePuntosAVectoresYARutaOrtogonal.html,518,herramientas/scripts,Desarrollo,Mantenimiento / herramientas,Bajo,interno,síncrona,3,initResize,mainW; rsz,
SistemaDeDescomposicionDePuntosAVectoresYARutaOrtogonal.onUp,SistemaDeDescomposicionDePuntosAVectoresYARutaOrtogonal.html,539,herramientas/scripts,Desarrollo,Mantenimiento / herramientas,Bajo,interno,síncrona,3,initResize,,
SistemaDeDescomposicionDePuntosAVectoresYARutaOrtogonal.initEv,SistemaDeDescomposicionDePuntosAVectoresYARutaOrtogonal.html,562,herramientas/scripts,Desarrollo,Mantenimiento / herramientas,Bajo,interno,síncrona,11,init,draw,
SistemaDeDescomposicionDePuntosAVectoresYARutaOrtogonal.rsz,SistemaDeDescomposicionDePuntosAVectoresYARutaOrtogonal.html,589,herramientas/scripts,Desarrollo,Mantenimiento / herramientas,Bajo,interno,síncrona,2,init; initResize; onMove,draw,
SistemaDeDescomposicionDePuntosAVectoresYARutaOrtogonal.init,SistemaDeDescomposicionDePuntosAVectoresYARutaOrtogonal.html,597,herramientas/scripts,Desarrollo,Mantenimiento / herramientas,Bajo,sin llamada interna detectada,síncrona,4,,addPt; draw; genRoute; initEv; initResize; loop; rPts; rsz; upSt,
local_session_label,consultar_db.py,22,herramientas/scripts,Desarrollo,Mantenimiento / herramientas,Bajo,interno,síncrona,5,list_sessions; show_summary,,
connect_db,consultar_db.py,36,herramientas/scripts,Desarrollo,Mantenimiento / herramientas,Bajo,interno,síncrona,2,main,connect,
show_summary,consultar_db.py,47,herramientas/scripts,Desarrollo,Mantenimiento / herramientas,Bajo,interno,síncrona,6,main,local_session_label,estado
list_sessions,consultar_db.py,69,herramientas/scripts,Desarrollo,Mantenimiento / herramientas,Bajo,interno,síncrona,3,main,local_session_label,
list_commands,consultar_db.py,79,herramientas/scripts,Desarrollo,Mantenimiento / herramientas,Bajo,interno,síncrona,4,main,,estado
list_events,consultar_db.py,90,herramientas/scripts,Desarrollo,Mantenimiento / herramientas,Bajo,interno,síncrona,6,main,,
list_telemetry,consultar_db.py,105,herramientas/scripts,Desarrollo,Mantenimiento / herramientas,Alto,interno,síncrona,7,main,,estado; telemetría
_angular_delta_deg,consultar_db.py,125,herramientas/scripts,Desarrollo,Mantenimiento / herramientas,Bajo,interno,síncrona,1,list_segments; trace_command,,
list_segments,consultar_db.py,129,herramientas/scripts,Desarrollo,Mantenimiento / herramientas,Medio,interno,síncrona,20,main,_angular_delta_deg,telemetría
trace_command,consultar_db.py,196,herramientas/scripts,Desarrollo,Mantenimiento / herramientas,Alto,interno,síncrona,34,main,_angular_delta_deg,telemetría
search_all,consultar_db.py,293,herramientas/scripts,Desarrollo,Mantenimiento / herramientas,Bajo,interno,síncrona,12,main,,
main,consultar_db.py,315,herramientas/scripts,Desarrollo,Mantenimiento / herramientas,Bajo,entrada/framework,síncrona,15,,close; connect_db; list_commands; list_events; list_segments; list_sessions; list_telemetry; parse_args; search_all; show_summary; trace_command,telemetría
active_files,scripts/documentacion/generar_catalogo.py,37,herramientas/scripts,Desarrollo,Mantenimiento / herramientas,Bajo,interno,síncrona,7,main,,
subsystem,scripts/documentacion/generar_catalogo.py,68,herramientas/scripts,Desarrollo,Mantenimiento / herramientas,Bajo,interno,síncrona,8,normalize_tags,,
language,scripts/documentacion/generar_catalogo.py,87,herramientas/scripts,Desarrollo,Mantenimiento / herramientas,Bajo,interno,síncrona,1,normalize_tags,,
run_ctags,scripts/documentacion/generar_catalogo.py,95,herramientas/scripts,Desarrollo,Mantenimiento / herramientas,Bajo,interno,síncrona,7,main,run,
embedded_html_functions,scripts/documentacion/generar_catalogo.py,113,herramientas/scripts,Desarrollo,Mantenimiento / herramientas,Bajo,interno,asíncrona,22,main,compile; find_end,
embedded_html_functions.find_end,scripts/documentacion/generar_catalogo.py,123,herramientas/scripts,Desarrollo,Mantenimiento / herramientas,Bajo,interno,síncrona,5,embedded_html_functions,,
scripted_functions,scripts/documentacion/generar_catalogo.py,160,herramientas/scripts,Desarrollo,Mantenimiento / herramientas,Bajo,interno,síncrona,8,main,,
visibility,scripts/documentacion/generar_catalogo.py,191,herramientas/scripts,Desarrollo,Mantenimiento / herramientas,Bajo,interno,síncrona,2,normalize_tags,,
normalize_tags,scripts/documentacion/generar_catalogo.py,198,herramientas/scripts,Desarrollo,Mantenimiento / herramientas,Bajo,interno,síncrona,8,main,language; subsystem; visibility,
_function_body,scripts/documentacion/generar_catalogo.py,248,herramientas/scripts,Desarrollo,Mantenimiento / herramientas,Bajo,interno,síncrona,1,infer_calls,,
_owner,scripts/documentacion/generar_catalogo.py,254,herramientas/scripts,Desarrollo,Mantenimiento / herramientas,Bajo,interno,síncrona,5,infer_calls,,
_platform,scripts/documentacion/generar_catalogo.py,266,herramientas/scripts,Desarrollo,Mantenimiento / herramientas,Bajo,interno,síncrona,5,infer_calls,,
_complexity,scripts/documentacion/generar_catalogo.py,278,herramientas/scripts,Desarrollo,Mantenimiento / herramientas,Bajo,interno,síncrona,12,infer_calls,,
_interaction,scripts/documentacion/generar_catalogo.py,284,herramientas/scripts,Desarrollo,Mantenimiento / herramientas,Medio,interno,cola/evento,7,infer_calls,,cola de comandos; cola de eventos
_shared_state,scripts/documentacion/generar_catalogo.py,294,herramientas/scripts,Desarrollo,Mantenimiento / herramientas,Medio,interno,síncrona,9,infer_calls,,estado; misión activa; comando activo; telemetría; sesión; parada/cierre
infer_calls,scripts/documentacion/generar_catalogo.py,308,herramientas/scripts,Desarrollo,Mantenimiento / herramientas,Alto,interno,asíncrona,18,main,_complexity; _function_body; _interaction; _owner; _platform; _shared_state,sesión; parada/cierre
dependency_cycles,scripts/documentacion/generar_catalogo.py,344,herramientas/scripts,Desarrollo,Mantenimiento / herramientas,Bajo,interno,síncrona,12,main,add; visit,
dependency_cycles.visit,scripts/documentacion/generar_catalogo.py,354,herramientas/scripts,Desarrollo,Mantenimiento / herramientas,Bajo,interno,síncrona,9,dependency_cycles,add,
extract_routes,scripts/documentacion/generar_catalogo.py,385,herramientas/scripts,Desarrollo,Mantenimiento / herramientas,Bajo,interno,síncrona,9,main,compile,
node_id,scripts/documentacion/generar_catalogo.py,406,herramientas/scripts,Desarrollo,Mantenimiento / herramientas,Bajo,interno,síncrona,1,mermaid_for_folder; plantuml_for_folder,,
mermaid_for_folder,scripts/documentacion/generar_catalogo.py,411,herramientas/scripts,Desarrollo,Mantenimiento / herramientas,Bajo,interno,síncrona,15,write_markdown,add; node_id,
plantuml_for_folder,scripts/documentacion/generar_catalogo.py,448,herramientas/scripts,Desarrollo,Mantenimiento / herramientas,Bajo,interno,síncrona,8,write_markdown,node_id,
write_markdown,scripts/documentacion/generar_catalogo.py,475,herramientas/scripts,Desarrollo,Mantenimiento / herramientas,Alto,interno,síncrona,10,main,mermaid_for_folder; plantuml_for_folder,estado
main,scripts/documentacion/generar_catalogo.py,526,herramientas/scripts,Desarrollo,Mantenimiento / herramientas,Bajo,entrada/framework,síncrona,10,,active_files; dependency_cycles; embedded_html_functions; extract_routes; infer_calls; normalize_tags; run_ctags; scripted_functions; write_markdown,
rows,scripts/documentacion/generar_resumen_sqlite.py,18,herramientas/scripts,Desarrollo,Mantenimiento / herramientas,Bajo,interno,síncrona,1,main,,
elapsed_seconds,scripts/documentacion/generar_resumen_sqlite.py,22,herramientas/scripts,Desarrollo,Mantenimiento / herramientas,Bajo,interno,síncrona,1,main,,
main,scripts/documentacion/generar_resumen_sqlite.py,27,herramientas/scripts,Desarrollo,Mantenimiento / herramientas,Medio,entrada/framework,síncrona,11,,close; connect; elapsed_seconds; parse_args; rows,telemetría; sesión
download_if_needed,scripts/documentacion/renderizar_uml.py,25,herramientas/scripts,Desarrollo,Mantenimiento / herramientas,Bajo,interno,síncrona,3,main,,
render,scripts/documentacion/renderizar_uml.py,42,herramientas/scripts,Desarrollo,Mantenimiento / herramientas,Bajo,interno,síncrona,3,_ui; init; main; update,run,
main,scripts/documentacion/renderizar_uml.py,54,herramientas/scripts,Desarrollo,Mantenimiento / herramientas,Bajo,entrada/framework,síncrona,3,,download_if_needed; render,
markdown_files,scripts/documentacion/validar_enlaces.py,17,herramientas/scripts,Desarrollo,Mantenimiento / herramientas,Bajo,interno,síncrona,7,main,,
normalize_target,scripts/documentacion/validar_enlaces.py,32,herramientas/scripts,Desarrollo,Mantenimiento / herramientas,Bajo,interno,síncrona,3,main,,
candidates_for,scripts/documentacion/validar_enlaces.py,42,herramientas/scripts,Desarrollo,Mantenimiento / herramientas,Bajo,interno,síncrona,7,main,,
main,scripts/documentacion/validar_enlaces.py,65,herramientas/scripts,Desarrollo,Mantenimiento / herramientas,Bajo,entrada/framework,síncrona,11,,candidates_for; markdown_files; normalize_target,
Convertir-NumeroParticion,scripts/firmware/preparar_spiffs.ps1,40,herramientas/scripts,Desarrollo,Mantenimiento / herramientas,Bajo,sin llamada interna detectada,síncrona,1,,,
HMI.initChart,desktop_app/robot_app/hmi/index.html,1881,hmi/canonica,Windows/Android,HMI / operador,Medio,interno,asíncrona,5,init,actualizarBarra; sendMove; update,
HMI.actualizarBarra,desktop_app/robot_app/hmi/index.html,1977,hmi/canonica,Windows/Android,HMI / operador,Bajo,interno,síncrona,3,initChart,update,
HMI.init,desktop_app/robot_app/hmi/index.html,2013,hmi/canonica,Windows/Android,HMI / operador,Bajo,sin llamada interna detectada,síncrona,2,,add; connectBackend,
HMI.api,desktop_app/robot_app/hmi/index.html,2020,hmi/canonica,Windows/Android,HMI / operador,Bajo,interno,asíncrona,9,applySelected; change; clearRobotMemory; closeApplication; confirmOckhamReturn; connectBackend; deleteRecording; deleteSelected; handleCalibrationCompleted; init; loadHistory; loadSurfaces; manual; ockhamReturn; returnRecording; saveCurrent; saveCurrentLiveSurface; send; sendMove; start; stopAndReset,,
HMI.closeApplication,desktop_app/robot_app/hmi/index.html,2044,hmi/canonica,Windows/Android,HMI / operador,Medio,interno,asíncrona,10,init,add; api; close; closeApp,
HMI.connectBackend,desktop_app/robot_app/hmi/index.html,2069,hmi/canonica,Windows/Android,HMI / operador,Bajo,interno,asíncrona,3,init,add; api; consumeBackend,
HMI.consumeBackend,desktop_app/robot_app/hmi/index.html,2080,hmi/canonica,Windows/Android,HMI / operador,Medio,interno,síncrona,12,connectBackend,add; applyBackendTelemetry; applyConfig; applyConnection; applySession; applySnapshot; loadHistory; onMission; onRobotEvent,telemetría; sesión
HMI.applyBackendTelemetry,desktop_app/robot_app/hmi/index.html,2099,hmi/canonica,Windows/Android,HMI / operador,Alto,interno,síncrona,166,consumeBackend,_process; add; applyIdentity; applyTelemetry; applyVectorialTelemetry; setCapability; update,estado; telemetría; parada/cierre
HMI.send,desktop_app/robot_app/hmi/index.html,2179,hmi/canonica,Windows/Android,HMI / operador,Medio,interno,asíncrona,8,_drain_one; _run; init,add; api,parada/cierre
HMI.manual,desktop_app/robot_app/hmi/index.html,2194,hmi/canonica,Windows/Android,HMI / operador,Bajo,interno,síncrona,2,_sendManual; end; start,api,
HMI.sendMove,desktop_app/robot_app/hmi/index.html,2197,hmi/canonica,Windows/Android,HMI / operador,Bajo,interno,síncrona,4,initChart,add; api,
HMI.init,desktop_app/robot_app/hmi/index.html,2213,hmi/canonica,Windows/Android,HMI / operador,Medio,sin llamada interna detectada,cola/evento,19,,add; api; calibrationBlockReason; canCalibrate; canRearm; drawPlan; failRoute; send; setState; updateAvailability; updateListUI,parada/cierre
HMI.normalizeRobotState,desktop_app/robot_app/hmi/index.html,2275,hmi/canonica,Windows/Android,HMI / operador,Bajo,interno,síncrona,3,applyTelemetry,,
HMI.hasAllowed,desktop_app/robot_app/hmi/index.html,2279,hmi/canonica,Windows/Android,HMI / operador,Bajo,interno,síncrona,2,calibrationBlockReason; canCalibrate; canRearm,,
HMI.mpuStatus,desktop_app/robot_app/hmi/index.html,2282,hmi/canonica,Windows/Android,HMI / operador,Bajo,interno,síncrona,18,applyTelemetry; calibrationBlockReason,,
HMI.canCalibrate,desktop_app/robot_app/hmi/index.html,2294,hmi/canonica,Windows/Android,HMI / operador,Bajo,interno,síncrona,6,init; updateAvailability,hasAllowed,
HMI.canRearm,desktop_app/robot_app/hmi/index.html,2298,hmi/canonica,Windows/Android,HMI / operador,Medio,interno,síncrona,4,init; updateAvailability,hasAllowed,parada/cierre
HMI.calibrationBlockReason,desktop_app/robot_app/hmi/index.html,2302,hmi/canonica,Windows/Android,HMI / operador,Medio,interno,síncrona,13,init; updateAvailability,hasAllowed; mpuStatus,estado; parada/cierre
HMI.updateAvailability,desktop_app/robot_app/hmi/index.html,2315,hmi/canonica,Windows/Android,HMI / operador,Medio,interno,síncrona,4,applyConnection; applySelected; init; onRobotEvent; setState,calibrationBlockReason; canCalibrate; canRearm,parada/cierre
HMI.showCause,desktop_app/robot_app/hmi/index.html,2325,hmi/canonica,Windows/Android,HMI / operador,Bajo,interno,síncrona,3,applyTelemetry; onRobotEvent,,
HMI.setState,desktop_app/robot_app/hmi/index.html,2330,hmi/canonica,Windows/Android,HMI / operador,Medio,interno,síncrona,1,applySelected; applyTelemetry; init; onRobotEvent,updateAvailability,parada/cierre
HMI.valueAt,desktop_app/robot_app/hmi/index.html,2340,hmi/canonica,Windows/Android,HMI / operador,Bajo,interno,síncrona,10,renderDiagnostics,,
HMI.renderDiagnostics,desktop_app/robot_app/hmi/index.html,2345,hmi/canonica,Windows/Android,HMI / operador,Alto,interno,síncrona,115,applyTelemetry,valueAt,
HMI.applyTelemetry,desktop_app/robot_app/hmi/index.html,2416,hmi/canonica,Windows/Android,HMI / operador,Alto,interno,síncrona,88,applyBackendTelemetry,add; mpuStatus; normalizeRobotState; renderDiagnostics; setState; showCause,estado; parada/cierre
HMI.onRobotEvent,desktop_app/robot_app/hmi/index.html,2520,hmi/canonica,Windows/Android,HMI / operador,Bajo,interno,síncrona,31,consumeBackend,add; handleCalibrationCompleted; setState; showCause; updateAvailability,estado
HMI.init,desktop_app/robot_app/hmi/index.html,2576,hmi/canonica,Windows/Android,HMI / operador,Alto,sin llamada interna detectada,síncrona,20,,applySelected; captureFromTelemetry; deleteSelected; loadSurfaces; onSurfaceSelect; saveCurrent; saveCurrentLiveSurface,
HMI.loadSurfaces,desktop_app/robot_app/hmi/index.html,2643,hmi/canonica,Windows/Android,HMI / operador,Alto,interno,asíncrona,16,deleteSelected; handleCalibrationCompleted; init; saveCurrent; saveCurrentLiveSurface,add; api; onSurfaceSelect,
HMI.onSurfaceSelect,desktop_app/robot_app/hmi/index.html,2677,hmi/canonica,Windows/Android,HMI / operador,Bajo,interno,síncrona,26,init; loadSurfaces,,
HMI.applySelected,desktop_app/robot_app/hmi/index.html,2701,hmi/canonica,Windows/Android,HMI / operador,Alto,interno,asíncrona,18,init,add; api; setState; updateAvailability,
HMI.saveCurrentLiveSurface,desktop_app/robot_app/hmi/index.html,2740,hmi/canonica,Windows/Android,HMI / operador,Alto,interno,asíncrona,21,init,add; api; loadSurfaces,
HMI.handleCalibrationCompleted,desktop_app/robot_app/hmi/index.html,2778,hmi/canonica,Windows/Android,HMI / operador,Alto,interno,asíncrona,18,onRobotEvent,add; api; loadSurfaces,
HMI.saveCurrent,desktop_app/robot_app/hmi/index.html,2813,hmi/canonica,Windows/Android,HMI / operador,Alto,interno,asíncrona,21,init,add; api; loadSurfaces,
HMI.captureFromTelemetry,desktop_app/robot_app/hmi/index.html,2855,hmi/canonica,Windows/Android,HMI / operador,Alto,interno,síncrona,18,init,add,
HMI.deleteSelected,desktop_app/robot_app/hmi/index.html,2875,hmi/canonica,Windows/Android,HMI / operador,Medio,interno,asíncrona,9,init,add; api; loadSurfaces,
HMI.init,desktop_app/robot_app/hmi/index.html,2905,hmi/canonica,Windows/Android,HMI / operador,Bajo,sin llamada interna detectada,síncrona,1,,change; loadHistory,
HMI.change,desktop_app/robot_app/hmi/index.html,2911,hmi/canonica,Windows/Android,HMI / operador,Bajo,interno,asíncrona,4,init,add; api; applySnapshot,
HMI.applySnapshot,desktop_app/robot_app/hmi/index.html,2921,hmi/canonica,Windows/Android,HMI / operador,Bajo,interno,síncrona,10,change; consumeBackend,applyCapabilities; applyConnection; applyIdentity; applySession,telemetría
HMI.applyConnection,desktop_app/robot_app/hmi/index.html,2929,hmi/canonica,Windows/Android,HMI / operador,Medio,interno,cola/evento,10,applySnapshot; consumeBackend,_ui; drawPlan; failRoute; unlockTabs; updateAvailability; updateListUI,telemetría
HMI.applySession,desktop_app/robot_app/hmi/index.html,2953,hmi/canonica,Windows/Android,HMI / operador,Medio,interno,cola/evento,6,applySnapshot; consumeBackend,drawPlan; failRoute; updateListUI,sesión
HMI.applyIdentity,desktop_app/robot_app/hmi/index.html,2966,hmi/canonica,Windows/Android,HMI / operador,Bajo,interno,síncrona,4,applyBackendTelemetry; applySnapshot,,telemetría
HMI.esc,desktop_app/robot_app/hmi/index.html,2971,hmi/canonica,Windows/Android,HMI / operador,Bajo,interno,síncrona,3,loadHistory,,
HMI.loadHistory,desktop_app/robot_app/hmi/index.html,2972,hmi/canonica,Windows/Android,HMI / operador,Medio,interno,asíncrona,7,consumeBackend; init,add; api; esc,telemetría; sesión
HMI.init,desktop_app/robot_app/hmi/index.html,2995,hmi/canonica,Windows/Android,HMI / operador,Bajo,sin llamada interna detectada,síncrona,1,,,
HMI.updateCount,desktop_app/robot_app/hmi/index.html,2996,hmi/canonica,Windows/Android,HMI / operador,Bajo,interno,síncrona,1,add; clear,,
HMI.add,desktop_app/robot_app/hmi/index.html,3001,hmi/canonica,Windows/Android,HMI / operador,Bajo,interno,síncrona,7,_on_robot_message; _process; _sendManual; _syncCinemaButton; addStep; applyBackendTelemetry; applySelected; applyTelemetry; cancel; cancelOckhamReturn; captureFromTelemetry; change; clearRobotMemory; closeApplication; confirmOckhamReturn; connectBackend; consumeBackend; deleteRecording; deleteSelected; dependency_cycles; end; failRoute; handleCalibrationCompleted; hlStep; init; initResize; loadHistory; loadSurfaces; lockTabs; loop; mainW; mermaid_for_folder; ockhamReturn; onDown; onMission; onRobotEvent; pL; pR; removeLastStep; returnRecording; saveCurrent; saveCurrentLiveSurface; send; sendMove; send_command; simplify_rdp; start; startC; stopAndReset; subscribe; update; visit,updateCount,
HMI.clear,desktop_app/robot_app/hmi/index.html,3028,hmi/canonica,Windows/Android,HMI / operador,Bajo,interno,síncrona,3,_run; init; start,updateCount,
HMI.setFilter,desktop_app/robot_app/hmi/index.html,3034,hmi/canonica,Windows/Android,HMI / operador,Bajo,interno,síncrona,2,init,,
HMI.downloadTXT,desktop_app/robot_app/hmi/index.html,3035,hmi/canonica,Windows/Android,HMI / operador,Bajo,interno,síncrona,2,init,,estado
HMI.init,desktop_app/robot_app/hmi/index.html,3047,hmi/canonica,Windows/Android,HMI / operador,Bajo,sin llamada interna detectada,síncrona,2,,_ticks; loop,
HMI._ticks,desktop_app/robot_app/hmi/index.html,3060,hmi/canonica,Windows/Android,HMI / operador,Bajo,interno,síncrona,4,init,,
HMI.loop,desktop_app/robot_app/hmi/index.html,3070,hmi/canonica,Windows/Android,HMI / operador,Alto,entrada/framework,síncrona,19,init,add,estado; telemetría
HMI.init,desktop_app/robot_app/hmi/index.html,3120,hmi/canonica,Windows/Android,HMI / operador,Bajo,sin llamada interna detectada,síncrona,1,,render,
HMI.update,desktop_app/robot_app/hmi/index.html,3121,hmi/canonica,Windows/Android,HMI / operador,Bajo,interno,síncrona,13,_process; _uiTelem; actualizarBarra; applyBackendTelemetry; autoScale; clearTelemetryTrail; compact_database; create_app; drawPlan; finish; init; initChart; updateTelemetryMap,render,
HMI.render,desktop_app/robot_app/hmi/index.html,3142,hmi/canonica,Windows/Android,HMI / operador,Medio,interno,síncrona,10,_ui; init; main; update,,telemetría
HMI._process,desktop_app/robot_app/hmi/index.html,3161,hmi/canonica,Windows/Android,HMI / operador,Bajo,interno,síncrona,6,applyBackendTelemetry,_uiPos; _uiTelem; add; onFsmIdle; update; updateTelemetryMap,estado; telemetría
HMI._uiTelem,desktop_app/robot_app/hmi/index.html,3178,hmi/canonica,Windows/Android,HMI / operador,Bajo,interno,síncrona,43,_process,update,estado; telemetría
HMI._uiPos,desktop_app/robot_app/hmi/index.html,3231,hmi/canonica,Windows/Android,HMI / operador,Bajo,interno,síncrona,3,_process,,telemetría
HMI._ui,desktop_app/robot_app/hmi/index.html,3246,hmi/canonica,Windows/Android,HMI / operador,Bajo,interno,síncrona,2,applyConnection,render,
HMI.update,desktop_app/robot_app/hmi/index.html,3254,hmi/canonica,Windows/Android,HMI / operador,Medio,interno,síncrona,6,_process; _uiTelem; actualizarBarra; applyBackendTelemetry; autoScale; clearTelemetryTrail; compact_database; create_app; drawPlan; finish; init; initChart; updateTelemetryMap,add,parada/cierre
HMI.constructor,desktop_app/robot_app/hmi/index.html,3278,hmi/canonica,Windows/Android,HMI / operador,Bajo,sin llamada interna detectada,síncrona,1,,,
HMI.configureForm,desktop_app/robot_app/hmi/index.html,3279,hmi/canonica,Windows/Android,HMI / operador,Bajo,interno,síncrona,1,updateLabels,,
HMI.createLogicalStep,desktop_app/robot_app/hmi/index.html,3280,hmi/canonica,Windows/Android,HMI / operador,Bajo,interno,síncrona,1,addStep,,
HMI.buildVisualization,desktop_app/robot_app/hmi/index.html,3281,hmi/canonica,Windows/Android,HMI / operador,Bajo,interno,síncrona,1,drawPlan,,
HMI.updatePreview,desktop_app/robot_app/hmi/index.html,3282,hmi/canonica,Windows/Android,HMI / operador,Bajo,interno,síncrona,1,addStep; configureForm; init; removeLastStep; stopAndReset,,
HMI.missionPayload,desktop_app/robot_app/hmi/index.html,3283,hmi/canonica,Windows/Android,HMI / operador,Bajo,interno,cola/evento,1,start,,
HMI.expandExecutionWaypoints,desktop_app/robot_app/hmi/index.html,3286,hmi/canonica,Windows/Android,HMI / operador,Bajo,interno,síncrona,1,addStep,appendLimited,
HMI.constructor,desktop_app/robot_app/hmi/index.html,3295,hmi/canonica,Windows/Android,HMI / operador,Bajo,sin llamada interna detectada,síncrona,1,,,
HMI.configureForm,desktop_app/robot_app/hmi/index.html,3296,hmi/canonica,Windows/Android,HMI / operador,Bajo,interno,síncrona,1,updateLabels,,
HMI.createLogicalStep,desktop_app/robot_app/hmi/index.html,3310,hmi/canonica,Windows/Android,HMI / operador,Bajo,interno,síncrona,7,addStep,logicalEndpoint,
HMI.buildVisualization,desktop_app/robot_app/hmi/index.html,3322,hmi/canonica,Windows/Android,HMI / operador,Bajo,interno,cola/evento,1,drawPlan,,
HMI.constructor,desktop_app/robot_app/hmi/index.html,3332,hmi/canonica,Windows/Android,HMI / operador,Bajo,sin llamada interna detectada,síncrona,1,,,
HMI.configureForm,desktop_app/robot_app/hmi/index.html,3335,hmi/canonica,Windows/Android,HMI / operador,Bajo,interno,síncrona,5,updateLabels,renderVectorialSafety; updatePreview,
HMI.createLogicalStep,desktop_app/robot_app/hmi/index.html,3356,hmi/canonica,Windows/Android,HMI / operador,Bajo,interno,síncrona,11,addStep,logicalEndpoint,
HMI.buildVisualization,desktop_app/robot_app/hmi/index.html,3381,hmi/canonica,Windows/Android,HMI / operador,Bajo,interno,síncrona,2,drawPlan,,
HMI.missionPayload,desktop_app/robot_app/hmi/index.html,3395,hmi/canonica,Windows/Android,HMI / operador,Bajo,interno,síncrona,1,start,,
HMI.updatePreview,desktop_app/robot_app/hmi/index.html,3403,hmi/canonica,Windows/Android,HMI / operador,Bajo,interno,síncrona,4,addStep; configureForm; init; removeLastStep; stopAndReset,,
HMI.constructor,desktop_app/robot_app/hmi/index.html,3416,hmi/canonica,Windows/Android,HMI / operador,Bajo,sin llamada interna detectada,síncrona,1,,,
HMI.constructor,desktop_app/robot_app/hmi/index.html,3420,hmi/canonica,Windows/Android,HMI / operador,Bajo,sin llamada interna detectada,síncrona,1,,,
HMI.init,desktop_app/robot_app/hmi/index.html,3431,hmi/canonica,Windows/Android,HMI / operador,Medio,sin llamada interna detectada,asíncrona,4,,_initCharts; add; addStep; api; applyConfig; cancelOckhamReturn; clearRobotMemory; completarEjeRectangular; confirmOckhamReturn; ockhamReturn; preview; removeLastStep; renderVectorialSafety; start; stopAndReset; updateLabels; updatePreview,
HMI.activeMode,desktop_app/robot_app/hmi/index.html,3487,hmi/canonica,Windows/Android,HMI / operador,Bajo,interno,síncrona,3,addStep; autoScale; drawPlan; start; updateLabels; updatePreview,,
HMI.logicalEndpoint,desktop_app/robot_app/hmi/index.html,3490,hmi/canonica,Windows/Android,HMI / operador,Bajo,interno,síncrona,2,createLogicalStep; renderMetrics,,
HMI.updateModeLock,desktop_app/robot_app/hmi/index.html,3493,hmi/canonica,Windows/Android,HMI / operador,Bajo,interno,síncrona,4,addStep; ockhamReturn; removeLastStep; stopAndReset,,
HMI._chartOptions,desktop_app/robot_app/hmi/index.html,3499,hmi/canonica,Windows/Android,HMI / operador,Bajo,interno,síncrona,1,_initCharts,,
HMI._initCharts,desktop_app/robot_app/hmi/index.html,3516,hmi/canonica,Windows/Android,HMI / operador,Bajo,interno,síncrona,13,init,_chartOptions; afterDatasetsDraw; arrow; label,
HMI.label,desktop_app/robot_app/hmi/index.html,3530,hmi/canonica,Windows/Android,HMI / operador,Bajo,interno,síncrona,1,_initCharts; arrow,,
HMI.arrow,desktop_app/robot_app/hmi/index.html,3536,hmi/canonica,Windows/Android,HMI / operador,Bajo,interno,síncrona,1,_initCharts; draw,label,
HMI.afterDatasetsDraw,desktop_app/robot_app/hmi/index.html,3579,hmi/canonica,Windows/Android,HMI / operador,Bajo,interno,síncrona,2,_initCharts,,
HMI.resizeCharts,desktop_app/robot_app/hmi/index.html,3603,hmi/canonica,Windows/Android,HMI / operador,Bajo,interno,síncrona,3,toggleCinema,,
HMI.clearTelemetryTrail,desktop_app/robot_app/hmi/index.html,3607,hmi/canonica,Windows/Android,HMI / operador,Bajo,interno,síncrona,2,addStep; confirmOckhamReturn; start; stopAndReset,renderMetrics; update,
HMI.applyCapabilities,desktop_app/robot_app/hmi/index.html,3612,hmi/canonica,Windows/Android,HMI / operador,Bajo,interno,síncrona,4,applySnapshot,applyConfig,
HMI.applyConfig,desktop_app/robot_app/hmi/index.html,3616,hmi/canonica,Windows/Android,HMI / operador,Bajo,interno,síncrona,4,applyCapabilities; consumeBackend; init,renderVectorialSafety,
HMI.applyVectorialTelemetry,desktop_app/robot_app/hmi/index.html,3623,hmi/canonica,Windows/Android,HMI / operador,Bajo,interno,síncrona,2,applyBackendTelemetry,renderVectorialSafety,
HMI.vectorialReadiness,desktop_app/robot_app/hmi/index.html,3627,hmi/canonica,Windows/Android,HMI / operador,Bajo,interno,síncrona,14,renderVectorialSafety; start,,estado
HMI.renderVectorialSafety,desktop_app/robot_app/hmi/index.html,3640,hmi/canonica,Windows/Android,HMI / operador,Bajo,interno,síncrona,5,applyConfig; applyVectorialTelemetry; configureForm; failRoute; init; onMission; stopAndReset,vectorialReadiness,
HMI.updateLabels,desktop_app/robot_app/hmi/index.html,3650,hmi/canonica,Windows/Android,HMI / operador,Bajo,interno,síncrona,1,addStep; init; removeLastStep; stopAndReset,activeMode; configureForm; drawPlan,
HMI.completarEjeRectangular,desktop_app/robot_app/hmi/index.html,3654,hmi/canonica,Windows/Android,HMI / operador,Bajo,interno,síncrona,8,init,,
HMI.updatePreview,desktop_app/robot_app/hmi/index.html,3668,hmi/canonica,Windows/Android,HMI / operador,Bajo,interno,síncrona,1,addStep; configureForm; init; removeLastStep; stopAndReset,activeMode,
HMI.addStep,desktop_app/robot_app/hmi/index.html,3671,hmi/canonica,Windows/Android,HMI / operador,Bajo,interno,cola/evento,7,init,activeMode; add; autoScale; clearTelemetryTrail; createLogicalStep; expandExecutionWaypoints; updateLabels; updateListUI; updateModeLock; updatePreview,telemetría
HMI.removeLastStep,desktop_app/robot_app/hmi/index.html,3697,hmi/canonica,Windows/Android,HMI / operador,Bajo,interno,cola/evento,4,init,add; autoScale; updateLabels; updateListUI; updateModeLock; updatePreview,telemetría
HMI.appendLimited,desktop_app/robot_app/hmi/index.html,3709,hmi/canonica,Windows/Android,HMI / operador,Bajo,interno,cola/evento,3,expandExecutionWaypoints,,
HMI.updateListUI,desktop_app/robot_app/hmi/index.html,3716,hmi/canonica,Windows/Android,HMI / operador,Bajo,interno,cola/evento,10,addStep; applyConnection; applySession; cancelOckhamReturn; clearRobotMemory; confirmOckhamReturn; failRoute; init; ockhamReturn; onMission; removeLastStep; start; stopAndReset,,
HMI.drawPlan,desktop_app/robot_app/hmi/index.html,3731,hmi/canonica,Windows/Android,HMI / operador,Bajo,interno,cola/evento,16,applyConnection; applySession; cancelOckhamReturn; clearRobotMemory; confirmOckhamReturn; init; ockhamReturn; onMission; start; updateLabels,activeMode; buildVisualization; update,
HMI.autoScale,desktop_app/robot_app/hmi/index.html,3760,hmi/canonica,Windows/Android,HMI / operador,Bajo,interno,cola/evento,7,addStep; ockhamReturn; removeLastStep; returnRecording,activeMode; update,
HMI.updateTelemetryMap,desktop_app/robot_app/hmi/index.html,3776,hmi/canonica,Windows/Android,HMI / operador,Bajo,interno,síncrona,4,_process,renderMetrics; update,
HMI.renderMetrics,desktop_app/robot_app/hmi/index.html,3790,hmi/canonica,Windows/Android,HMI / operador,Bajo,interno,cola/evento,5,clearTelemetryTrail; updateTelemetryMap,logicalEndpoint,telemetría
HMI.preview,desktop_app/robot_app/hmi/index.html,3800,hmi/canonica,Windows/Android,HMI / operador,Bajo,interno,síncrona,1,init,toggleCinema,
HMI.toggleCinema,desktop_app/robot_app/hmi/index.html,3803,hmi/canonica,Windows/Android,HMI / operador,Bajo,interno,síncrona,6,init; preview,_syncCinemaButton; resizeCharts,
HMI._syncCinemaButton,desktop_app/robot_app/hmi/index.html,3819,hmi/canonica,Windows/Android,HMI / operador,Medio,interno,síncrona,7,toggleCinema,add,
HMI.lockTabs,desktop_app/robot_app/hmi/index.html,3843,hmi/canonica,Windows/Android,HMI / operador,Bajo,interno,síncrona,2,confirmOckhamReturn; start,add,
HMI.unlockTabs,desktop_app/robot_app/hmi/index.html,3849,hmi/canonica,Windows/Android,HMI / operador,Bajo,interno,síncrona,1,applyConnection; clearRobotMemory; failRoute; init; onMission; start; stopAndReset,,
HMI.start,desktop_app/robot_app/hmi/index.html,3853,hmi/canonica,Windows/Android,HMI / operador,Medio,interno,cola/evento,12,__init__; _on_robot_message; _schedule_disconnect_grace; close_application; connect; init; main; manual_start; reconnect,activeMode; add; api; clearTelemetryTrail; drawPlan; lockTabs; missionPayload; unlockTabs; updateListUI; vectorialReadiness,
HMI.onRobotEvent,desktop_app/robot_app/hmi/index.html,3879,hmi/canonica,Windows/Android,HMI / operador,Bajo,interno,síncrona,1,consumeBackend,,
HMI.onMission,desktop_app/robot_app/hmi/index.html,3880,hmi/canonica,Windows/Android,HMI / operador,Medio,interno,síncrona,22,consumeBackend; returnRecording,add; drawPlan; failRoute; renderVectorialSafety; unlockTabs; updateListUI,
HMI.onFsmIdle,desktop_app/robot_app/hmi/index.html,3918,hmi/canonica,Windows/Android,HMI / operador,Bajo,interno,síncrona,1,_process,,
HMI.failRoute,desktop_app/robot_app/hmi/index.html,3919,hmi/canonica,Windows/Android,HMI / operador,Bajo,interno,síncrona,1,applyConnection; applySession; init; onMission,add; renderVectorialSafety; unlockTabs; updateListUI,
HMI.stopAndReset,desktop_app/robot_app/hmi/index.html,3925,hmi/canonica,Windows/Android,HMI / operador,Medio,interno,cola/evento,7,init,add; api; clearTelemetryTrail; renderVectorialSafety; unlockTabs; updateLabels; updateListUI; updateModeLock; updatePreview,telemetría
HMI.clearRobotMemory,desktop_app/robot_app/hmi/index.html,3950,hmi/canonica,Windows/Android,HMI / operador,Medio,interno,asíncrona,5,init,add; api; drawPlan; unlockTabs; updateListUI,
HMI.ockhamReturn,desktop_app/robot_app/hmi/index.html,3962,hmi/canonica,Windows/Android,HMI / operador,Medio,interno,cola/evento,10,init,add; api; autoScale; drawPlan; updateListUI; updateModeLock,
HMI.confirmOckhamReturn,desktop_app/robot_app/hmi/index.html,3998,hmi/canonica,Windows/Android,HMI / operador,Medio,interno,asíncrona,5,init,add; api; clearTelemetryTrail; drawPlan; lockTabs; updateListUI,
HMI.cancelOckhamReturn,desktop_app/robot_app/hmi/index.html,4011,hmi/canonica,Windows/Android,HMI / operador,Bajo,interno,cola/evento,2,init,add; drawPlan; updateListUI,
HMI.init,desktop_app/robot_app/hmi/index.html,4024,hmi/canonica,Windows/Android,HMI / operador,Bajo,sin llamada interna detectada,síncrona,7,,,
HMI.init,desktop_app/robot_app/hmi/index.html,4065,hmi/canonica,Windows/Android,HMI / operador,Bajo,sin llamada interna detectada,síncrona,4,,deleteRecording; end; move; renderRecording; returnRecording; setCapability; start,
HMI.setCapability,desktop_app/robot_app/hmi/index.html,4086,hmi/canonica,Windows/Android,HMI / operador,Bajo,interno,síncrona,11,applyBackendTelemetry; init,end,
HMI._pos,desktop_app/robot_app/hmi/index.html,4097,hmi/canonica,Windows/Android,HMI / operador,Bajo,interno,síncrona,3,move,,
HMI._sendManual,desktop_app/robot_app/hmi/index.html,4102,hmi/canonica,Windows/Android,HMI / operador,Medio,interno,síncrona,11,move; start,add; end; manual,
HMI.start,desktop_app/robot_app/hmi/index.html,4115,hmi/canonica,Windows/Android,HMI / operador,Medio,interno,síncrona,20,__init__; _on_robot_message; _schedule_disconnect_grace; close_application; connect; init; main; manual_start; reconnect,_resetVis; _sendManual; add; manual; move,estado
HMI.move,desktop_app/robot_app/hmi/index.html,4142,hmi/canonica,Windows/Android,HMI / operador,Medio,interno,síncrona,13,init; start,_bars; _dirName; _pos; _sendManual; end,
HMI.end,desktop_app/robot_app/hmi/index.html,4168,hmi/canonica,Windows/Android,HMI / operador,Medio,interno,síncrona,5,_sendManual; init; move; setCapability,_bars; _resetVis; add; manual; renderRecording,
HMI.renderRecording,desktop_app/robot_app/hmi/index.html,4180,hmi/canonica,Windows/Android,HMI / operador,Bajo,interno,síncrona,33,deleteRecording; end; init,draw,
HMI.draw,desktop_app/robot_app/hmi/index.html,4195,hmi/canonica,Windows/Android,HMI / operador,Bajo,interno,síncrona,3,addPt; cFrame; clearAll; genRoute; init; initEv; rPts; rSteps; renderRecording; resetV; rmPt; rsz; stopC,,
HMI.returnRecording,desktop_app/robot_app/hmi/index.html,4211,hmi/canonica,Windows/Android,HMI / operador,Medio,interno,cola/evento,6,init,add; api; autoScale; onMission,telemetría
HMI.deleteRecording,desktop_app/robot_app/hmi/index.html,4226,hmi/canonica,Windows/Android,HMI / operador,Bajo,interno,asíncrona,5,init,add; api; renderRecording,
HMI._resetVis,desktop_app/robot_app/hmi/index.html,4232,hmi/canonica,Windows/Android,HMI / operador,Bajo,interno,síncrona,1,end; start,,
HMI._bars,desktop_app/robot_app/hmi/index.html,4238,hmi/canonica,Windows/Android,HMI / operador,Bajo,interno,síncrona,5,end; move,,
HMI._dirName,desktop_app/robot_app/hmi/index.html,4252,hmi/canonica,Windows/Android,HMI / operador,Bajo,interno,síncrona,18,move,,
HMI.init,desktop_app/robot_app/hmi/index.html,4264,hmi/canonica,Windows/Android,HMI / operador,Alto,sin llamada interna detectada,asíncrona,30,,add; clear; closeApplication; downloadTXT; end; failRoute; initChart; loadHistory; send; setFilter; toggleCinema; unlockTabs; update,telemetría; parada/cierre
